task_id,topic_id,task_type,instruction,prompt,correct_answer,accepted_answers,error_explanation,status
g0001,ser_estar,multiple_choice,Выбери правильный вариант,Yo ___ en casa ahora.,estoy,estoy,Для местоположения используется estar.,active
g0002,ser_estar,multiple_choice,Выбери правильный вариант,Madrid ___ la capital de España.,es,es,Постоянный факт требует ser.,active
g0003,ser_estar,multiple_choice,Выбери правильный вариант,Nosotros ___ cansados hoy.,estamos,estamos,Временное состояние — estar.,active
g0004,ser_estar,multiple_choice,Выбери правильный вариант,Mi hermano ___ médico.,es,es,Профессия требует ser.,active
g0005,ser_estar,multiple_choice,Выбери правильный вариант,La sopa ___ fría.,está,está,Состояние предмета сейчас — estar.,active
g0006,ser_estar,multiple_choice,Выбери правильный вариант,Ellos ___ de México.,son,son,Происхождение требует ser.,active
g0007,ser_estar,multiple_choice,Выбери правильный вариант,Ana ___ nerviosa hoy.,está,está,Эмоциональное состояние сейчас — estar.,active
g0008,ser_estar,multiple_choice,Выбери правильный вариант,La mesa ___ de madera.,es,es,Материал — ser.,active
g0009,ser_estar,multiple_choice,Выбери правильный вариант,¿Dónde ___ los niños?,están,están,Местоположение — estar.,active
g0010,ser_estar,multiple_choice,Выбери правильный вариант,Mi casa ___ pequeña.,es,es,Постоянная характеристика — ser.,active
g0011,ser_estar,multiple_choice,Выбери правильный вариант,Ahora nosotros ___ en clase.,estamos,estamos,Место сейчас — estar.,active
g0012,ser_estar,multiple_choice,Выбери правильный вариант,Tú ___ muy amable.,eres,eres,Черта человека — ser.,active
g0013,ser_estar,multiple_choice,Выбери правильный вариант,El café ___ caliente.,está,está,Состояние напитка — estar.,active
g0014,ser_estar,multiple_choice,Выбери правильный вариант,Mis padres ___ profesores.,son,son,Профессия — ser.,active
g0015,ser_estar,multiple_choice,Выбери правильный вариант,La puerta ___ abierta.,está,está,Состояние объекта — estar.,active
g0016,ser_estar,multiple_choice,Выбери правильный вариант,Este edificio ___ antiguo.,es,es,Постоянное свойство — ser.,active
g0017,ser_estar,multiple_choice,Выбери правильный вариант,Nosotras ___ listas para salir.,estamos,estamos,Готовность — estar.,active
g0018,ser_estar,multiple_choice,Выбери правильный вариант,¿Tú ___ de España?,eres,eres,Происхождение / национальность — ser.,active
g0019,ser_estar,multiple_choice,Выбери правильный вариант,Los libros ___ sobre la mesa.,están,están,Расположение — estar.,active
g0020,ser_estar,multiple_choice,Выбери правильный вариант,La película ___ interesante.,es,es,Характеристика — ser.,active
g0021,ser_estar,multiple_choice,Выбери правильный вариант,Hoy yo ___ de buen humor.,estoy,estoy,Настроение — estar.,active
g0022,ser_estar,multiple_choice,Выбери правильный вариант,Mi abuelo ___ serio.,es,es,Черта характера — ser.,active
g0023,ser_estar,multiple_choice,Выбери правильный вариант,Las ventanas ___ cerradas.,están,están,Состояние предметов — estar.,active
g0024,ser_estar,multiple_choice,Выбери правильный вариант,Vosotros ___ muy rápidos.,sois,sois,Постоянное качество — ser.,active
g0025,ser_estar,multiple_choice,Выбери правильный вариант,El supermercado ___ cerrado.,está,está,Состояние сейчас — estar.,active
g0026,ser_estar,fill_form,Вставь правильную форму,Yo ___ preocupado por el examen.,estoy,estoy,Временное состояние — estar.,active
g0027,ser_estar,fill_form,Вставь правильную форму,Tú ___ mi mejor amigo.,eres,eres,Идентификация — ser.,active
g0028,ser_estar,fill_form,Вставь правильную форму,Ella ___ en el trabajo ahora.,está,está,Местоположение — estar.,active
g0029,ser_estar,fill_form,Вставь правильную форму,Nosotros ___ estudiantes.,somos,somos,Идентификация / роль — ser.,active
g0030,ser_estar,fill_form,Вставь правильную форму,Vosotras ___ ocupadas hoy.,estáis,estáis,Временное состояние — estar.,active
g0031,ser_estar,fill_form,Вставь правильную форму,Ellos ___ italianos.,son,son,Национальность — ser.,active
g0032,ser_estar,fill_form,Вставь правильную форму,Mi móvil ___ en la mochila.,está,está,Местоположение — estar.,active
g0033,ser_estar,fill_form,Вставь правильную форму,La camisa ___ limpia.,está,está,Состояние вещи — estar.,active
g0034,ser_estar,fill_form,Вставь правильную форму,Mi hermana ___ arquitecta.,es,es,Профессия — ser.,active
g0035,ser_estar,fill_form,Вставь правильную форму,Nosotras ___ en casa de Laura.,estamos,estamos,Место — estar.,active
g0036,ser_estar,fill_form,Вставь правильную форму,¿Dónde ___ tú ahora?,estás,estás,Местоположение — estar.,active
g0037,ser_estar,fill_form,Вставь правильную форму,Esta mesa ___ pesada.,es,es,Характеристика — ser.,active
g0038,ser_estar,fill_form,Вставь правильную форму,Los niños ___ en el parque.,están,están,Место — estar.,active
g0039,ser_estar,fill_form,Вставь правильную форму,Yo ___ ruso.,soy,soy,Национальность — ser.,active
g0040,ser_estar,fill_form,Вставь правильную форму,El ejercicio ___ difícil.,es,es,Характеристика — ser.,active
g0041,ser_estar,fill_form,Вставь правильную форму,Hoy nosotros ___ contentos.,estamos,estamos,Эмоциональное состояние — estar.,active
g0042,ser_estar,fill_form,Вставь правильную форму,La farmacia ___ al lado del banco.,está,está,Расположение — estar.,active
g0043,ser_estar,fill_form,Вставь правильную форму,¿Vosotros ___ listos?,estáis,estáis,Готовность — estar.,active
g0044,ser_estar,fill_form,Вставь правильную форму,Mi jefe ___ exigente.,es,es,Характеристика — ser.,active
g0045,ser_estar,fill_form,Вставь правильную форму,Las llaves ___ aquí.,están,están,Местоположение — estar.,active
g0046,ser_estar,fill_form,Вставь правильную форму,Nosotros ___ de Argentina.,somos,somos,Происхождение — ser.,active
g0047,ser_estar,fill_form,Вставь правильную форму,La tienda ___ abierta.,está,está,Состояние — estar.,active
g0048,ser_estar,fill_form,Вставь правильную форму,Tú ___ inteligente.,eres,eres,Постоянное качество — ser.,active
g0049,ser_estar,fill_form,Вставь правильную форму,Yo ___ enfermo hoy.,estoy,estoy,Состояние здоровья — estar.,active
g0050,ser_estar,fill_form,Вставь правильную форму,Ellas ___ mis primas.,son,son,Идентификация — ser.,active
g0051,ser_estar,fix_error,Исправь ошибку,Corrige: Yo soy en casa.,Yo estoy en casa.,Yo estoy en casa.,Для местоположения нужно estar.,active
g0052,ser_estar,fix_error,Исправь ошибку,Corrige: Madrid está la capital de España.,Madrid es la capital de España.,Madrid es la capital de España.,Постоянный факт требует ser.,active
g0053,ser_estar,fix_error,Исправь ошибку,Corrige: Mi madre está médica.,Mi madre es médica.,Mi madre es médica.,Профессия требует ser.,active
g0054,ser_estar,fix_error,Исправь ошибку,Corrige: Nosotros somos cansados hoy.,Nosotros estamos cansados hoy.,Nosotros estamos cansados hoy.,Временное состояние — estar.,active
g0055,ser_estar,fix_error,Исправь ошибку,Corrige: La puerta es cerrada.,La puerta está cerrada.,La puerta está cerrada.,Состояние объекта — estar.,active
g0056,ser_estar,fix_error,Исправь ошибку,Corrige: Ana es en la oficina.,Ana está en la oficina.,Ana está en la oficina.,Место — estar.,active
g0057,ser_estar,fix_error,Исправь ошибку,Corrige: Ellos están de Chile.,Ellos son de Chile.,Ellos son de Chile.,Происхождение — ser.,active
g0058,ser_estar,fix_error,Исправь ошибку,Corrige: La sopa es caliente ahora.,La sopa está caliente ahora.,La sopa está caliente ahora.,Состояние еды сейчас — estar.,active
g0059,ser_estar,fix_error,Исправь ошибку,Corrige: Yo estoy ruso.,Yo soy ruso.,Yo soy ruso.,Национальность — ser.,active
g0060,ser_estar,fix_error,Исправь ошибку,Corrige: Los libros son sobre la mesa.,Los libros están sobre la mesa.,Los libros están sobre la mesa.,Расположение — estar.,active
g0061,ser_estar,fix_error,Исправь ошибку,Corrige: Mi hermano está simpático.,Mi hermano es simpático.,Mi hermano es simpático.,Черта характера — ser.,active
g0062,ser_estar,fix_error,Исправь ошибку,Corrige: Hoy Laura es triste.,Hoy Laura está triste.,Hoy Laura está triste.,Временное состояние — estar.,active
g0063,ser_estar,fix_error,Исправь ошибку,Corrige: Vosotros sois listos ahora.,Vosotros estáis listos ahora.,Vosotros estáis listos ahora.,Готовность — estar.,active
g0064,ser_estar,fix_error,Исправь ошибку,Corrige: Este edificio está alto.,Este edificio es alto.,Este edificio es alto.,Постоянное свойство — ser.,active
g0065,ser_estar,fix_error,Исправь ошибку,Corrige: La farmacia es al lado del banco.,La farmacia está al lado del banco.,La farmacia está al lado del banco.,Расположение — estar.,active
g0066,ser_estar,fix_error,Исправь ошибку,Corrige: Mi padre está profesor.,Mi padre es profesor.,Mi padre es profesor.,Профессия — ser.,active
g0067,ser_estar,fix_error,Исправь ошибку,Corrige: Nosotros somos en el cine.,Nosotros estamos en el cine.,Nosotros estamos en el cine.,Место — estar.,active
g0068,ser_estar,fix_error,Исправь ошибку,Corrige: La tarea está difícil.,La tarea es difícil.,La tarea es difícil.,Характеристика — ser.,active
g0069,ser_estar,fix_error,Исправь ошибку,Corrige: El supermercado es cerrado.,El supermercado está cerrado.,El supermercado está cerrado.,Состояние — estar.,active
g0070,ser_estar,fix_error,Исправь ошибку,Corrige: Tú estás honesto.,Tú eres honesto.,Tú eres honesto.,Черта человека — ser.,active
g0071,ser_estar,fix_error,Исправь ошибку,Corrige: Mis amigos son en casa.,Mis amigos están en casa.,Mis amigos están en casa.,Местоположение — estar.,active
g0072,ser_estar,fix_error,Исправь ошибку,Corrige: Yo soy enfermo hoy.,Yo estoy enfermo hoy.,Yo estoy enfermo hoy.,Состояние здоровья — estar.,active
g0073,ser_estar,fix_error,Исправь ошибку,Corrige: Ellas están mis hermanas.,Ellas son mis hermanas.,Ellas son mis hermanas.,Идентификация — ser.,active
g0074,ser_estar,fix_error,Исправь ошибку,Corrige: La cama es desordenada.,La cama está desordenada.,La cama está desordenada.,Состояние объекта — estar.,active
g0075,ser_estar,fix_error,Исправь ошибку,Corrige: Nosotros estamos españoles.,Nosotros somos españoles.,Nosotros somos españoles.,Национальность — ser.,active
g0076,ser_estar,translation,Переведи на испанский,Я сейчас дома.,Estoy en casa ahora.,Estoy en casa ahora.,Местоположение — estar.,active
g0077,ser_estar,translation,Переведи на испанский,Моя сестра врач.,Mi hermana es médica.,Mi hermana es médica.,Профессия — ser.,active
g0078,ser_estar,translation,Переведи на испанский,Сегодня мы очень уставшие.,Hoy estamos muy cansados.,Hoy estamos muy cansados.,Временное состояние — estar.,active
g0079,ser_estar,translation,Переведи на испанский,Мадрид — столица Испании.,Madrid es la capital de España.,Madrid es la capital de España.,Постоянный факт — ser.,active
g0080,ser_estar,translation,Переведи на испанский,Ключи на столе.,Las llaves están sobre la mesa.,Las llaves están sobre la mesa.,Расположение — estar.,active
g0081,ser_estar,translation,Переведи на испанский,Мой дедушка очень серьёзный.,Mi abuelo es muy serio.,Mi abuelo es muy serio.,Черта характера — ser.,active
g0082,ser_estar,translation,Переведи на испанский,Суп холодный.,La sopa está fría.,La sopa está fría.,Состояние еды — estar.,active
g0083,ser_estar,translation,Переведи на испанский,Мы из Аргентины.,Somos de Argentina.,Somos de Argentina.,Происхождение — ser.,active
g0084,ser_estar,translation,Переведи на испанский,Магазин открыт.,La tienda está abierta.,La tienda está abierta.,Состояние объекта — estar.,active
g0085,ser_estar,translation,Переведи на испанский,Ты очень добрый.,Eres muy amable.,Eres muy amable.,Характеристика — ser.,active
g0086,ser_estar,translation,Переведи на испанский,Они в парке.,Están en el parque.,Están en el parque.,Местоположение — estar.,active
g0087,ser_estar,translation,Переведи на испанский,Этот фильм интересный.,Esta película es interesante.,Esta película es interesante.,Характеристика — ser.,active
g0088,ser_estar,translation,Переведи на испанский,Сегодня она нервничает.,Hoy ella está nerviosa.,Hoy ella está nerviosa.,Временное состояние — estar.,active
g0089,ser_estar,translation,Переведи на испанский,Мы готовы выйти.,Estamos listos para salir.,Estamos listos para salir.,Готовность — estar.,active
g0090,ser_estar,translation,Переведи на испанский,Мой брат испанец.,Mi hermano es español.,Mi hermano es español.,Национальность — ser.,active
g0091,ser_estar,translation,Переведи на испанский,Окна закрыты.,Las ventanas están cerradas.,Las ventanas están cerradas.,Состояние предметов — estar.,active
g0092,ser_estar,translation,Переведи на испанский,Этот стол деревянный.,Esta mesa es de madera.,Esta mesa es de madera.,Материал — ser.,active
g0093,ser_estar,translation,Переведи на испанский,Мы в офисе.,Estamos en la oficina.,Estamos en la oficina.,Место — estar.,active
g0094,ser_estar,translation,Переведи на испанский,Моя мама учительница.,Mi madre es profesora.,Mi madre es profesora.,Профессия — ser.,active
g0095,ser_estar,translation,Переведи на испанский,Я сегодня болен.,Estoy enfermo hoy.,Estoy enfermo hoy.,Состояние здоровья — estar.,active
g0096,ser_estar,translation,Переведи на испанский,Они мои друзья.,Ellos son mis amigos.,Ellos son mis amigos.,Идентификация — ser.,active
g0097,ser_estar,translation,Переведи на испанский,Кофе очень горячий.,El café está muy caliente.,El café está muy caliente.,Состояние напитка — estar.,active
g0098,ser_estar,translation,Переведи на испанский,Мой начальник очень строгий.,Mi jefe es muy estricto.,Mi jefe es muy estricto.,Черта характера — ser.,active
g0099,ser_estar,translation,Переведи на испанский,Дети сейчас в школе.,Los niños están en la escuela ahora.,Los niños están en la escuela ahora.,Местоположение — estar.,active
g0100,ser_estar,translation,Переведи на испанский,Этот дом очень большой.,Esta casa es muy grande.,Esta casa es muy grande.,Характеристика — ser.,active
g0101,preterito_perfecto,multiple_choice,Выбери правильную форму,Hoy yo ___ mucho trabajo.,he hecho,he hecho,С yo используется he + participio.,active
g0102,preterito_perfecto,multiple_choice,Выбери правильную форму,Esta semana nosotros ___ al cine.,hemos ido,hemos ido,С nosotros используется hemos.,active
g0103,preterito_perfecto,multiple_choice,Выбери правильную форму,¿Tú ___ la película?,has visto,has visto,С tú используется has.,active
g0104,preterito_perfecto,multiple_choice,Выбери правильную форму,Ella ___ café hoy.,ha tomado,ha tomado,С ella используется ha.,active
g0105,preterito_perfecto,multiple_choice,Выбери правильную форму,Ustedes ___ temprano.,han llegado,han llegado,С ustedes используется han.,active
g0106,preterito_perfecto,multiple_choice,Выбери правильную форму,Yo nunca ___ sushi.,he probado,he probado,Опыт до настоящего момента.,active
g0107,preterito_perfecto,multiple_choice,Выбери правильную форму,Nosotros ya ___.,hemos comido,hemos comido,"Уже = ya, perfecto уместен.",active
g0108,preterito_perfecto,multiple_choice,Выбери правильную форму,Ellos ___ tres veces este mes.,han viajado,han viajado,Период ещё не закончился.,active
g0109,preterito_perfecto,multiple_choice,Выбери правильную форму,¿Vosotros ___ la tarea?,habéis terminado,habéis terminado,С vosotros используется habéis.,active
g0110,preterito_perfecto,multiple_choice,Выбери правильную форму,Mi madre ___ la carta.,ha escrito,ha escrito,С ella используется ha.,active
g0111,preterito_perfecto,multiple_choice,Выбери правильную форму,Yo ___ mucho esta mañana.,he trabajado,he trabajado,Период дня ещё продолжается.,active
g0112,preterito_perfecto,multiple_choice,Выбери правильную форму,Nosotras ___ la puerta.,hemos abierto,hemos abierto,hemos + participio.,active
g0113,preterito_perfecto,multiple_choice,Выбери правильную форму,Tú ___ muy bien hoy.,has estudiado,has estudiado,Perfecto подходит с hoy.,active
g0114,preterito_perfecto,multiple_choice,Выбери правильную форму,Él ___ tarde.,ha salido,ha salido,ha + participio.,active
g0115,preterito_perfecto,multiple_choice,Выбери правильную форму,Ellas ___ ya.,han vuelto,han vuelto,han + participio.,active
g0116,preterito_perfecto,multiple_choice,Выбери правильную форму,Yo ___ ese libro dos veces.,he leído,he leído,Опыт до настоящего момента.,active
g0117,preterito_perfecto,multiple_choice,Выбери правильную форму,Esta tarde nosotros ___ con Ana.,hemos hablado,hemos hablado,Текущий временной отрезок.,active
g0118,preterito_perfecto,multiple_choice,Выбери правильную форму,¿Usted ___ el correo?,ha recibido,ha recibido,С usted используется ha.,active
g0119,preterito_perfecto,multiple_choice,Выбери правильную форму,Mis amigos ___ aquí hoy.,han estado,han estado,Сегодня — perfecto.,active
g0120,preterito_perfecto,multiple_choice,Выбери правильную форму,Yo ___ las llaves.,he perdido,he perdido,Результат важен сейчас.,active
g0121,preterito_perfecto,multiple_choice,Выбери правильную форму,Tú ___ tarde otra vez.,has llegado,has llegado,Сегодня / сейчас — perfecto.,active
g0122,preterito_perfecto,multiple_choice,Выбери правильную форму,Ella ___ la verdad.,ha dicho,ha dicho,Неправильное participio: dicho.,active
g0123,preterito_perfecto,multiple_choice,Выбери правильную форму,Nosotros ___ muchas fotos.,hemos sacado,hemos sacado,hemos + participio.,active
g0124,preterito_perfecto,multiple_choice,Выбери правильную форму,Vosotros ___ demasiado.,habéis comido,habéis comido,habéis + participio.,active
g0125,preterito_perfecto,multiple_choice,Выбери правильную форму,Ellos ___ una decisión.,han tomado,han tomado,han + participio.,active
g0126,preterito_perfecto,fill_form,Вставь правильную форму,Yo ___ (leer) este libro.,he leído,he leído,he + participio.,active
g0127,preterito_perfecto,fill_form,Вставь правильную форму,Tú ___ (comer) ya.,has comido,has comido,has + participio.,active
g0128,preterito_perfecto,fill_form,Вставь правильную форму,Ella ___ (abrir) la puerta.,ha abierto,ha abierto,Неправильное participio: abierto.,active
g0129,preterito_perfecto,fill_form,Вставь правильную форму,Nosotros ___ (vivir) aquí muchos años.,hemos vivido,hemos vivido,hemos + participio.,active
g0130,preterito_perfecto,fill_form,Вставь правильную форму,Ellos ___ (volver).,han vuelto,han vuelto,Неправильное participio: vuelto.,active
g0131,preterito_perfecto,fill_form,Вставь правильную форму,Yo ___ (hacer) la tarea.,he hecho,he hecho,Неправильное participio: hecho.,active
g0132,preterito_perfecto,fill_form,Вставь правильную форму,Tú ___ (ver) la serie.,has visto,has visto,Неправильное participio: visto.,active
g0133,preterito_perfecto,fill_form,Вставь правильную форму,Ella ___ (escribir) un mensaje.,ha escrito,ha escrito,Неправильное participio: escrito.,active
g0134,preterito_perfecto,fill_form,Вставь правильную форму,Nosotras ___ (decir) la verdad.,hemos dicho,hemos dicho,Неправильное participio: dicho.,active
g0135,preterito_perfecto,fill_form,Вставь правильную форму,Ellos ___ (romper) el vaso.,han roto,han roto,Неправильное participio: roto.,active
g0136,preterito_perfecto,fill_form,Вставь правильную форму,Yo ___ (poner) la mesa.,he puesto,he puesto,Неправильное participio: puesto.,active
g0137,preterito_perfecto,fill_form,Вставь правильную форму,Tú ___ (resolver) el problema.,has resuelto,has resuelto,Неправильное participio: resuelto.,active
g0138,preterito_perfecto,fill_form,Вставь правильную форму,Ella ___ (volver) temprano.,ha vuelto,ha vuelto,ha + participio.,active
g0139,preterito_perfecto,fill_form,Вставь правильную форму,Nosotros ___ (ver) esta película.,hemos visto,hemos visto,hemos + participio.,active
g0140,preterito_perfecto,fill_form,Вставь правильную форму,Vosotros ___ (hacer) un buen trabajo.,habéis hecho,habéis hecho,habéis + participio.,active
g0141,preterito_perfecto,fill_form,Вставь правильную форму,Ustedes ___ (llegar) tarde.,han llegado,han llegado,han + participio.,active
g0142,preterito_perfecto,fill_form,Вставь правильную форму,Yo ___ (abrir) la ventana.,he abierto,he abierto,he + participio.,active
g0143,preterito_perfecto,fill_form,Вставь правильную форму,Tú ___ (perder) las llaves.,has perdido,has perdido,has + participio.,active
g0144,preterito_perfecto,fill_form,Вставь правильную форму,Ella ___ (descubrir) un error.,ha descubierto,ha descubierto,ha + participio.,active
g0145,preterito_perfecto,fill_form,Вставь правильную форму,Nosotras ___ (terminar) ya.,hemos terminado,hemos terminado,hemos + participio.,active
g0146,preterito_perfecto,fill_form,Вставь правильную форму,Ellos ___ (morir) en la historia.,han muerto,han muerto,Неправильное participio: muerto.,active
g0147,preterito_perfecto,fill_form,Вставь правильную форму,Yo ___ (decir) eso antes.,he dicho,he dicho,he + participio.,active
g0148,preterito_perfecto,fill_form,Вставь правильную форму,Tú ___ (romper) el papel.,has roto,has roto,has + participio.,active
g0149,preterito_perfecto,fill_form,Вставь правильную форму,Ella ___ (volver) a casa.,ha vuelto,ha vuelto,ha + participio.,active
g0150,preterito_perfecto,fill_form,Вставь правильную форму,Nosotros ___ (hacer) mucho hoy.,hemos hecho,hemos hecho,hemos + participio.,active
g0151,preterito_perfecto,fix_error,Исправь ошибку,Corrige: He comí.,He comido.,He comido.,После haber нужен participio.,active
g0152,preterito_perfecto,fix_error,Исправь ошибку,Corrige: Yo ha llegado.,Yo he llegado.,Yo he llegado.,С yo используется he.,active
g0153,preterito_perfecto,fix_error,Исправь ошибку,Corrige: Nosotros ha visto.,Nosotros hemos visto.,Nosotros hemos visto.,С nosotros используется hemos.,active
g0154,preterito_perfecto,fix_error,Исправь ошибку,Corrige: Ella ha escribido.,Ella ha escrito.,Ella ha escrito.,Неправильное participio: escrito.,active
g0155,preterito_perfecto,fix_error,Исправь ошибку,Corrige: Tú he hablado.,Tú has hablado.,Tú has hablado.,С tú используется has.,active
g0156,preterito_perfecto,fix_error,Исправь ошибку,Corrige: Vosotros han terminado.,Vosotros habéis terminado.,Vosotros habéis terminado.,С vosotros используется habéis.,active
g0157,preterito_perfecto,fix_error,Исправь ошибку,Corrige: Ustedes ha vuelto.,Ustedes han vuelto.,Ustedes han vuelto.,С ustedes используется han.,active
g0158,preterito_perfecto,fix_error,Исправь ошибку,Corrige: Yo he abrir la puerta.,Yo he abierto la puerta.,Yo he abierto la puerta.,"Нужен participio, а не инфинитив.",active
g0159,preterito_perfecto,fix_error,Исправь ошибку,Corrige: Ella ha visto ayer la película.,Ella ha visto la película hoy.,Ella ha visto la película hoy.,"Perfecto лучше сочетается с hoy/esta semana, а не ayer.",active
g0160,preterito_perfecto,fix_error,Исправь ошибку,Corrige: Nosotros hemos rompido el vaso.,Nosotros hemos roto el vaso.,Nosotros hemos roto el vaso.,Неправильное participio: roto.,active
g0161,preterito_perfecto,fix_error,Исправь ошибку,Corrige: Tú has hacer la cama.,Tú has hecho la cama.,Tú has hecho la cama.,После haber нужен participio hecho.,active
g0162,preterito_perfecto,fix_error,Исправь ошибку,Corrige: Yo han leído el libro.,Yo he leído el libro.,Yo he leído el libro.,С yo используется he.,active
g0163,preterito_perfecto,fix_error,Исправь ошибку,Corrige: Ella hemos dicho la verdad.,Ella ha dicho la verdad.,Ella ha dicho la verdad.,С ella используется ha.,active
g0164,preterito_perfecto,fix_error,Исправь ошибку,Corrige: Nosotros has abierto la ventana.,Nosotros hemos abierto la ventana.,Nosotros hemos abierto la ventana.,С nosotros используется hemos.,active
g0165,preterito_perfecto,fix_error,Исправь ошибку,Corrige: Vosotros habéis poner la mesa.,Vosotros habéis puesto la mesa.,Vosotros habéis puesto la mesa.,Неправильное participio: puesto.,active
g0166,preterito_perfecto,fix_error,Исправь ошибку,Corrige: Ustedes han escribido un correo.,Ustedes han escrito un correo.,Ustedes han escrito un correo.,Неправильное participio: escrito.,active
g0167,preterito_perfecto,fix_error,Исправь ошибку,Corrige: Yo he visto esta película ayer.,Yo he visto esta película hoy.,Yo he visto esta película hoy.,Perfecto лучше с текущим периодом.,active
g0168,preterito_perfecto,fix_error,Исправь ошибку,Corrige: Ella ha volvido temprano.,Ella ha vuelto temprano.,Ella ha vuelto temprano.,Неправильное participio: vuelto.,active
g0169,preterito_perfecto,fix_error,Исправь ошибку,Corrige: Nosotros hemos decir eso.,Nosotros hemos dicho eso.,Nosotros hemos dicho eso.,Нужно participio dicho.,active
g0170,preterito_perfecto,fix_error,Исправь ошибку,Corrige: Tú has rompido el papel.,Tú has roto el papel.,Tú has roto el papel.,Неправильное participio: roto.,active
g0171,preterito_perfecto,fix_error,Исправь ошибку,Corrige: Yo he muerto de hambre hoy.,Yo me he muerto de hambre hoy.,Yo me he muerto de hambre hoy.,С возвратным значением обычно me he muerto.,active
g0172,preterito_perfecto,fix_error,Исправь ошибку,Corrige: Ella ha hecho un error.,Ella ha cometido un error.,Ella ha cometido un error.,С ошибкой естественнее cometer un error.,active
g0173,preterito_perfecto,fix_error,Исправь ошибку,Corrige: Nosotros hemos estado aquí ayer.,Nosotros hemos estado aquí hoy.,Nosotros hemos estado aquí hoy.,Perfecto лучше сочетается с hoy.,active
g0174,preterito_perfecto,fix_error,Исправь ошибку,Corrige: Tú has descubrir la verdad.,Tú has descubierto la verdad.,Tú has descubierto la verdad.,После haber нужен participio.,active
g0175,preterito_perfecto,fix_error,Исправь ошибку,Corrige: Ellos han diciho la verdad.,Ellos han dicho la verdad.,Ellos han dicho la verdad.,Орфография participio: dicho.,active
g0176,preterito_perfecto,translation,Переведи на испанский,Я уже позавтракал.,He desayunado ya.,He desayunado ya.,Связь с настоящим моментом.,active
g0177,preterito_perfecto,translation,Переведи на испанский,Мы сегодня много работали.,Hemos trabajado mucho hoy.,Hemos trabajado mucho hoy.,Hoy часто требует perfecto.,active
g0178,preterito_perfecto,translation,Переведи на испанский,Ты видел этот фильм?,¿Has visto esta película?,¿Has visto esta película?,Вопрос в perfecto.,active
g0179,preterito_perfecto,translation,Переведи на испанский,Она открыла окно.,Ha abierto la ventana.,Ha abierto la ventana.,Результат важен сейчас.,active
g0180,preterito_perfecto,translation,Переведи на испанский,Они уже пришли.,Han llegado ya.,Han llegado ya.,Уже = ya.,active
g0181,preterito_perfecto,translation,Переведи на испанский,Я никогда не пробовал паэлью.,Nunca he probado la paella.,Nunca he probado la paella.,Опыт до настоящего момента.,active
g0182,preterito_perfecto,translation,Переведи на испанский,Мы уже сделали домашнее задание.,Ya hemos hecho la tarea.,Ya hemos hecho la tarea.,Perfecto уместен с ya.,active
g0183,preterito_perfecto,translation,Переведи на испанский,Ты сегодня говорил с Марией?,¿Has hablado con María hoy?,¿Has hablado con María hoy?,Сегодня — текущий период.,active
g0184,preterito_perfecto,translation,Переведи на испанский,Она написала письмо.,Ha escrito una carta.,Ha escrito una carta.,ha + participio.,active
g0185,preterito_perfecto,translation,Переведи на испанский,Мы посмотрели этот сериал.,Hemos visto esta serie.,Hemos visto esta serie.,hemos + participio.,active
g0186,preterito_perfecto,translation,Переведи на испанский,Я потерял ключи.,He perdido las llaves.,He perdido las llaves.,Результат актуален сейчас.,active
g0187,preterito_perfecto,translation,Переведи на испанский,Ты поставил чашку на стол.,Has puesto la taza sobre la mesa.,Has puesto la taza sobre la mesa.,has + participio.,active
g0188,preterito_perfecto,translation,Переведи на испанский,Он сказал правду.,Ha dicho la verdad.,Ha dicho la verdad.,Неправильное participio: dicho.,active
g0189,preterito_perfecto,translation,Переведи на испанский,Мы открыли дверь.,Hemos abierto la puerta.,Hemos abierto la puerta.,hemos + participio.,active
g0190,preterito_perfecto,translation,Переведи на испанский,Они вернулись поздно.,Han vuelto tarde.,Han vuelto tarde.,han + participio.,active
g0191,preterito_perfecto,translation,Переведи на испанский,Я прочитал эту статью.,He leído este artículo.,He leído este artículo.,he + participio.,active
g0192,preterito_perfecto,translation,Переведи на испанский,Мы сегодня были дома.,Hemos estado en casa hoy.,Hemos estado en casa hoy.,Сегодня — perfecto.,active
g0193,preterito_perfecto,translation,Переведи на испанский,Ты решил проблему?,¿Has resuelto el problema?,¿Has resuelto el problema?,Вопрос в perfecto.,active
g0194,preterito_perfecto,translation,Переведи на испанский,Она разбила стакан.,Ha roto el vaso.,Ha roto el vaso.,ha + participio.,active
g0195,preterito_perfecto,translation,Переведи на испанский,Мы закончили рано.,Hemos terminado temprano.,Hemos terminado temprano.,hemos + participio.,active
g0196,preterito_perfecto,translation,Переведи на испанский,Они обнаружили ошибку.,Han descubierto un error.,Han descubierto un error.,han + participio.,active
g0197,preterito_perfecto,translation,Переведи на испанский,Я сегодня выпил слишком много кофе.,He bebido demasiado café hoy.,He bebido demasiado café hoy.,Hoy — perfecto.,active
g0198,preterito_perfecto,translation,Переведи на испанский,Ты уже прочитал книгу?,¿Has leído ya el libro?,¿Has leído ya el libro?,Ya — perfecto.,active
g0199,preterito_perfecto,translation,Переведи на испанский,Мы жили здесь много лет.,Hemos vivido aquí muchos años.,Hemos vivido aquí muchos años.,Связь с настоящим.,active
g0200,preterito_perfecto,translation,Переведи на испанский,Они приняли решение.,Han tomado una decisión.,Han tomado una decisión.,han + participio.,active
g0201,preterito_indefinido,multiple_choice,Выбери правильную форму,Ayer yo ___ al cine.,fui,fui,Завершённое действие в прошлом — indefinido.,active
g0202,preterito_indefinido,multiple_choice,Выбери правильную форму,El año pasado nosotros ___ en Madrid.,estuvimos,estuvimos,Конкретный завершённый период в прошлом.,active
g0203,preterito_indefinido,multiple_choice,Выбери правильную форму,Tú ___ la carta anoche.,escribiste,escribiste,anoche тянет indefinido.,active
g0204,preterito_indefinido,multiple_choice,Выбери правильную форму,Ella ___ temprano ayer.,llegó,llegó,ayer — завершённое время.,active
g0205,preterito_indefinido,multiple_choice,Выбери правильную форму,Ellos ___ la verdad.,dijeron,dijeron,Индивидуальное завершённое действие.,active
g0206,preterito_indefinido,multiple_choice,Выбери правильную форму,Yo ___ mucho café esta mañana.,bebí,bebí,Закрытый период в прошлом.,active
g0207,preterito_indefinido,multiple_choice,Выбери правильную форму,Nosotros ___ el partido el domingo.,vimos,vimos,Конкретный день в прошлом.,active
g0208,preterito_indefinido,multiple_choice,Выбери правильную форму,Tú ___ las llaves en casa.,dejaste,dejaste,Один завершённый факт.,active
g0209,preterito_indefinido,multiple_choice,Выбери правильную форму,Ella ___ en 1998.,nació,nació,Год рождения — indefinido.,active
g0210,preterito_indefinido,multiple_choice,Выбери правильную форму,Ustedes ___ tarde.,salieron,salieron,Завершённое действие.,active
g0211,preterito_indefinido,multiple_choice,Выбери правильную форму,Yo ___ a Ana el lunes.,vi,vi,Конкретный день в прошлом.,active
g0212,preterito_indefinido,multiple_choice,Выбери правильную форму,Nosotros ___ mucho en vacaciones.,viajamos,viajamos,Завершённый период.,active
g0213,preterito_indefinido,multiple_choice,Выбери правильную форму,Tú ___ español en la universidad.,aprendiste,aprendiste,Завершённый факт в прошлом.,active
g0214,preterito_indefinido,multiple_choice,Выбери правильную форму,Él ___ una decisión difícil.,tomó,tomó,Завершённый факт.,active
g0215,preterito_indefinido,multiple_choice,Выбери правильную форму,Ellas ___ la puerta.,abrieron,abrieron,Один завершённый факт.,active
g0216,preterito_indefinido,multiple_choice,Выбери правильную форму,Yo ___ mis deberes ayer.,hice,hice,ayer — indefinido.,active
g0217,preterito_indefinido,multiple_choice,Выбери правильную форму,Nosotros ___ tarde a la fiesta.,llegamos,llegamos,Завершённый факт.,active
g0218,preterito_indefinido,multiple_choice,Выбери правильную форму,Tú ___ la verdad.,supiste,supiste,Однократное завершённое действие.,active
g0219,preterito_indefinido,multiple_choice,Выбери правильную форму,Ella ___ el vaso.,rompió,rompió,Завершённый факт.,active
g0220,preterito_indefinido,multiple_choice,Выбери правильную форму,Ellos ___ muy bien.,comieron,comieron,Завершённый приём пищи.,active
g0221,preterito_indefinido,multiple_choice,Выбери правильную форму,Yo ___ enfermo la semana pasada.,estuve,estuve,Состояние в завершённом периоде.,active
g0222,preterito_indefinido,multiple_choice,Выбери правильную форму,Nosotros ___ en Barcelona en 2022.,vivimos,vivimos,Завершённый период.,active
g0223,preterito_indefinido,multiple_choice,Выбери правильную форму,Tú ___ el problema solo.,resolviste,resolviste,Завершённое действие.,active
g0224,preterito_indefinido,multiple_choice,Выбери правильную форму,Ella ___ el libro en dos días.,leyó,leyó,Факт завершён.,active
g0225,preterito_indefinido,multiple_choice,Выбери правильную форму,Vosotros ___ ayer por la noche.,volvisteis,volvisteis,Завершённое действие.,active
g0226,preterito_indefinido,fill_form,Вставь правильную форму,Yo ___ (ir) al banco ayer.,fui,fui,Форма indefinido от ir.,active
g0227,preterito_indefinido,fill_form,Вставь правильную форму,Tú ___ (hacer) la tarea anoche.,hiciste,hiciste,Форма indefinido от hacer.,active
g0228,preterito_indefinido,fill_form,Вставь правильную форму,Ella ___ (tener) un problema.,tuvo,tuvo,Форма indefinido от tener.,active
g0229,preterito_indefinido,fill_form,Вставь правильную форму,Nosotros ___ (estar) en casa el domingo.,estuvimos,estuvimos,Форма indefinido от estar.,active
g0230,preterito_indefinido,fill_form,Вставь правильную форму,Ellos ___ (decir) la verdad.,dijeron,dijeron,Форма indefinido от decir.,active
g0231,preterito_indefinido,fill_form,Вставь правильную форму,Yo ___ (ver) a Marta ayer.,vi,vi,Форма indefinido от ver.,active
g0232,preterito_indefinido,fill_form,Вставь правильную форму,Tú ___ (poner) la mesa.,pusiste,pusiste,Форма indefinido от poner.,active
g0233,preterito_indefinido,fill_form,Вставь правильную форму,Ella ___ (venir) temprano.,vino,vino,Форма indefinido от venir.,active
g0234,preterito_indefinido,fill_form,Вставь правильную форму,Nosotros ___ (poder) entrar.,pudimos,pudimos,Форма indefinido от poder.,active
g0235,preterito_indefinido,fill_form,Вставь правильную форму,Ellos ___ (saber) la respuesta.,supieron,supieron,Форма indefinido от saber.,active
g0236,preterito_indefinido,fill_form,Вставь правильную форму,Yo ___ (querer) hablar contigo.,quise,quise,Форма indefinido от querer.,active
g0237,preterito_indefinido,fill_form,Вставь правильную форму,Tú ___ (leer) el libro.,leíste,leíste,Форма indefinido от leer.,active
g0238,preterito_indefinido,fill_form,Вставь правильную форму,Ella ___ (abrir) la ventana.,abrió,abrió,Правильная форма indefinido.,active
g0239,preterito_indefinido,fill_form,Вставь правильную форму,Nosotros ___ (romper) el vaso.,rompimos,rompimos,Правильная форма indefinido.,active
g0240,preterito_indefinido,fill_form,Вставь правильную форму,Ellos ___ (volver) tarde.,volvieron,volvieron,Правильная форма indefinido.,active
g0241,preterito_indefinido,fill_form,Вставь правильную форму,Yo ___ (nacer) en 1990.,nací,nací,Год рождения — indefinido.,active
g0242,preterito_indefinido,fill_form,Вставь правильную форму,Tú ___ (salir) muy tarde.,saliste,saliste,Правильная форма indefinido.,active
g0243,preterito_indefinido,fill_form,Вставь правильную форму,Ella ___ (traer) café.,trajo,trajo,Неправильная форма indefinido.,active
g0244,preterito_indefinido,fill_form,Вставь правильную форму,Nosotros ___ (andar) mucho.,anduvimos,anduvimos,Неправильная форма indefinido.,active
g0245,preterito_indefinido,fill_form,Вставь правильную форму,Ellos ___ (traducir) el texto.,tradujeron,tradujeron,Неправильная форма indefinido.,active
g0246,preterito_indefinido,fill_form,Вставь правильную форму,Yo ___ (comer) paella.,comí,comí,Правильная форма indefinido.,active
g0247,preterito_indefinido,fill_form,Вставь правильную форму,Tú ___ (beber) agua.,bebiste,bebiste,Правильная форма indefinido.,active
g0248,preterito_indefinido,fill_form,Вставь правильную форму,Ella ___ (escribir) una nota.,escribió,escribió,Правильная форма indefinido.,active
g0249,preterito_indefinido,fill_form,Вставь правильную форму,Nosotros ___ (vivir) allí.,vivimos,vivimos,Правильная форма indefinido.,active
g0250,preterito_indefinido,fill_form,Вставь правильную форму,Ellos ___ (llegar) tarde.,llegaron,llegaron,Правильная форма indefinido.,active
g0251,preterito_indefinido,fix_error,Исправь ошибку,Corrige: Ayer he ido al cine.,Ayer fui al cine.,Ayer fui al cine.,С ayer обычно используется indefinido.,active
g0252,preterito_indefinido,fix_error,Исправь ошибку,Corrige: Yo hacé la tarea anoche.,Yo hice la tarea anoche.,Yo hice la tarea anoche.,Неправильная форма: hice.,active
g0253,preterito_indefinido,fix_error,Исправь ошибку,Corrige: Ella ha llegado ayer.,Ella llegó ayer.,Ella llegó ayer.,Ayer требует indefinido.,active
g0254,preterito_indefinido,fix_error,Исправь ошибку,Corrige: Nosotros fuimos visto la película.,Nosotros vimos la película.,Nosotros vimos la película.,Нужна простая форма indefinido.,active
g0255,preterito_indefinido,fix_error,Исправь ошибку,Corrige: Él estuve en casa.,Él estuvo en casa.,Él estuvo en casa.,С él форма estuvo.,active
g0256,preterito_indefinido,fix_error,Исправь ошибку,Corrige: Tú dijiste la verdad ayer? -> usa perfecto,¿Dijiste la verdad ayer?,¿Dijiste la verdad ayer?,Ayer требует indefinido.,active
g0257,preterito_indefinido,fix_error,Исправь ошибку,Corrige: Yo sabí la respuesta.,Yo supe la respuesta.,Yo supe la respuesta.,Неправильная форма: supe.,active
g0258,preterito_indefinido,fix_error,Исправь ошибку,Corrige: Nosotros andamos mucho ayer. (значение caminar),Nosotros anduvimos mucho ayer.,Nosotros anduvimos mucho ayer.,В indefinido от andar — anduvimos.,active
g0259,preterito_indefinido,fix_error,Исправь ошибку,Corrige: Ella escribó una carta.,Ella escribió una carta.,Ella escribió una carta.,Неправильное окончание: escribió.,active
g0260,preterito_indefinido,fix_error,Исправь ошибку,Corrige: Ellos tenieron un problema.,Ellos tuvieron un problema.,Ellos tuvieron un problema.,Неправильная форма: tuvieron.,active
g0261,preterito_indefinido,fix_error,Исправь ошибку,Corrige: Yo he nacido en 1995.,Yo nací en 1995.,Yo nací en 1995.,Год рождения — indefinido.,active
g0262,preterito_indefinido,fix_error,Исправь ошибку,Corrige: Tú pudistemos entrar.,Nosotros pudimos entrar.,Nosotros pudimos entrar.,Неверное лицо и форма.,active
g0263,preterito_indefinido,fix_error,Исправь ошибку,Corrige: Ella traió café.,Ella trajo café.,Ella trajo café.,Неправильная форма: trajo.,active
g0264,preterito_indefinido,fix_error,Исправь ошибку,Corrige: Nosotros ponermos la mesa.,Nosotros pusimos la mesa.,Nosotros pusimos la mesa.,Неправильная форма: pusimos.,active
g0265,preterito_indefinido,fix_error,Исправь ошибку,Corrige: Ellos saliron tarde.,Ellos salieron tarde.,Ellos salieron tarde.,Неправильная форма: salieron.,active
g0266,preterito_indefinido,fix_error,Исправь ошибку,Corrige: Yo viní temprano.,Yo vine temprano.,Yo vine temprano.,Неправильная форма: vine.,active
g0267,preterito_indefinido,fix_error,Исправь ошибку,Corrige: Tú hizo la tarea.,Tú hiciste la tarea.,Tú hiciste la tarea.,С tú форма hiciste.,active
g0268,preterito_indefinido,fix_error,Исправь ошибку,Corrige: Él rompieron el vaso.,Él rompió el vaso.,Él rompió el vaso.,С él форма rompió.,active
g0269,preterito_indefinido,fix_error,Исправь ошибку,Corrige: Nosotros leímos el libro ayer. -> use perfect,Nosotros leímos el libro ayer.,Nosotros leímos el libro ayer.,Ayer требует indefinido.,active
g0270,preterito_indefinido,fix_error,Исправь ошибку,Corrige: Yo estuve enferma hoy. (для сегодня лучше perfecto),Hoy he estado enferma.,Hoy he estado enferma.,Сегодня часто требует perfecto.,active
g0271,preterito_indefinido,fix_error,Исправь ошибку,Corrige: Ella lleguó tarde.,Ella llegó tarde.,Ella llegó tarde.,Неправильное написание: llegó.,active
g0272,preterito_indefinido,fix_error,Исправь ошибку,Corrige: Nosotros decidimos ayer? -> use perfect,¿Decidimos ayer?,¿Decidimos ayer?,Ayer требует indefinido.,active
g0273,preterito_indefinido,fix_error,Исправь ошибку,Corrige: Yo bebi ayer demasiado café.,Yo bebí ayer demasiado café.,Yo bebí ayer demasiado café.,Нужен акцент: bebí.,active
g0274,preterito_indefinido,fix_error,Исправь ошибку,Corrige: Tú vivistemos allí.,Nosotros vivimos allí.,Nosotros vivimos allí.,Неверное лицо.,active
g0275,preterito_indefinido,fix_error,Исправь ошибку,Corrige: Ellos abrieron la puerta.,Ellos abrieron la puerta.,Ellos abrieron la puerta.,Правильная форма уже abrieron.,active
g0276,preterito_indefinido,translation,Переведи на испанский,Вчера я ходил в кино.,Ayer fui al cine.,Ayer fui al cine.,Ayer требует indefinido.,active
g0277,preterito_indefinido,translation,Переведи на испанский,Мы были в Мадриде в прошлом году.,Estuvimos en Madrid el año pasado.,Estuvimos en Madrid el año pasado.,Завершённый период в прошлом.,active
g0278,preterito_indefinido,translation,Переведи на испанский,Ты написал письмо вчера вечером.,Escribiste la carta anoche.,Escribiste la carta anoche.,anoche требует indefinido.,active
g0279,preterito_indefinido,translation,Переведи на испанский,Она пришла рано.,Llegó temprano.,Llegó temprano.,Завершённый факт.,active
g0280,preterito_indefinido,translation,Переведи на испанский,Они сказали правду.,Dijeron la verdad.,Dijeron la verdad.,Завершённый факт.,active
g0281,preterito_indefinido,translation,Переведи на испанский,Я сделал домашнее задание вчера.,Hice la tarea ayer.,Hice la tarea ayer.,ayer — indefinido.,active
g0282,preterito_indefinido,translation,Переведи на испанский,Мы посмотрели матч в воскресенье.,Vimos el partido el domingo.,Vimos el partido el domingo.,Конкретный день в прошлом.,active
g0283,preterito_indefinido,translation,Переведи на испанский,Ты оставил ключи дома.,Dejaste las llaves en casa.,Dejaste las llaves en casa.,Завершённый факт.,active
g0284,preterito_indefinido,translation,Переведи на испанский,Она родилась в 1998 году.,Nació en 1998.,Nació en 1998.,Год рождения — indefinido.,active
g0285,preterito_indefinido,translation,Переведи на испанский,Они вышли поздно.,Salieron tarde.,Salieron tarde.,Завершённый факт.,active
g0286,preterito_indefinido,translation,Переведи на испанский,Я увидел Ану в понедельник.,Vi a Ana el lunes.,Vi a Ana el lunes.,Конкретный день в прошлом.,active
g0287,preterito_indefinido,translation,Переведи на испанский,Мы много путешествовали летом.,Viajamos mucho en verano.,Viajamos mucho en verano.,Завершённый период.,active
g0288,preterito_indefinido,translation,Переведи на испанский,Ты выучил испанский в университете.,Aprendiste español en la universidad.,Aprendiste español en la universidad.,Завершённый факт в прошлом.,active
g0289,preterito_indefinido,translation,Переведи на испанский,Он принял трудное решение.,Tomó una decisión difícil.,Tomó una decisión difícil.,Завершённый факт.,active
g0290,preterito_indefinido,translation,Переведи на испанский,Они открыли дверь.,Abrieron la puerta.,Abrieron la puerta.,Завершённый факт.,active
g0291,preterito_indefinido,translation,Переведи на испанский,Я был болен на прошлой неделе.,Estuve enfermo la semana pasada.,Estuve enfermo la semana pasada.,Завершённый период.,active
g0292,preterito_indefinido,translation,Переведи на испанский,Мы жили в Барселоне в 2022 году.,Vivimos en Barcelona en 2022.,Vivimos en Barcelona en 2022.,Завершённый период.,active
g0293,preterito_indefinido,translation,Переведи на испанский,Ты решил проблему один.,Resolviste el problema solo.,Resolviste el problema solo.,Завершённый факт.,active
g0294,preterito_indefinido,translation,Переведи на испанский,Она прочитала книгу за два дня.,Leyó el libro en dos días.,Leyó el libro en dos días.,Завершённое действие.,active
g0295,preterito_indefinido,translation,Переведи на испанский,Вы вернулись вчера вечером.,Volvisteis ayer por la noche.,Volvisteis ayer por la noche.,Завершённый факт.,active
g0296,preterito_indefinido,translation,Переведи на испанский,Я поставил чашку на стол.,Puse la taza sobre la mesa.,Puse la taza sobre la mesa.,Завершённый факт.,active
g0297,preterito_indefinido,translation,Переведи на испанский,Ты принёс кофе.,Trajiste café.,Trajiste café.,Завершённый факт.,active
g0298,preterito_indefinido,translation,Переведи на испанский,Мы смогли войти.,Pudimos entrar.,Pudimos entrar.,Завершённый факт.,active
g0299,preterito_indefinido,translation,Переведи на испанский,Они знали ответ.,Supieron la respuesta.,Supieron la respuesta.,Завершённый факт.,active
g0300,preterito_indefinido,translation,Переведи на испанский,Я хотел поговорить с тобой.,Quise hablar contigo.,Quise hablar contigo.,Завершённый факт.,active
g0301,perfecto_vs_indefinido,multiple_choice,Выбери правильное время,Hoy yo ___ mucho. (trabajar),he trabajado,he trabajado,Hoy обычно требует perfecto.,active
g0302,perfecto_vs_indefinido,multiple_choice,Выбери правильное время,Ayer yo ___ mucho. (trabajar),trabajé,trabajé,Ayer требует indefinido.,active
g0303,perfecto_vs_indefinido,multiple_choice,Выбери правильное время,Esta semana nosotros ___ dos películas.,hemos visto,hemos visto,Текущая неделя ещё не закончилась.,active
g0304,perfecto_vs_indefinido,multiple_choice,Выбери правильное время,La semana pasada nosotros ___ dos películas.,vimos,vimos,Завершённая неделя — indefinido.,active
g0305,perfecto_vs_indefinido,multiple_choice,Выбери правильное время,¿Alguna vez ___ a Sevilla?,has ido,has ido,Жизненный опыт — perfecto.,active
g0306,perfecto_vs_indefinido,multiple_choice,Выбери правильное время,En 2019 ___ a Sevilla.,fui,fui,Конкретный год — indefinido.,active
g0307,perfecto_vs_indefinido,multiple_choice,Выбери правильное время,Hoy Marta ___ tarde.,ha llegado,ha llegado,Сегодня — perfecto.,active
g0308,perfecto_vs_indefinido,multiple_choice,Выбери правильное время,Marta ___ tarde ayer.,llegó,llegó,Ayer — indefinido.,active
g0309,perfecto_vs_indefinido,multiple_choice,Выбери правильное время,Este mes ellos ___ mucho.,han viajado,han viajado,Текущий месяц — perfecto.,active
g0310,perfecto_vs_indefinido,multiple_choice,Выбери правильное время,El mes pasado ellos ___ mucho.,viajaron,viajaron,Завершённый месяц — indefinido.,active
g0311,perfecto_vs_indefinido,multiple_choice,Выбери правильное время,¿Ya ___ la tarea hoy?,has hecho,has hecho,Hoy + ya — perfecto.,active
g0312,perfecto_vs_indefinido,multiple_choice,Выбери правильное время,¿___ la tarea anoche?,Hiciste,Hiciste,Anoche — indefinido.,active
g0313,perfecto_vs_indefinido,multiple_choice,Выбери правильное время,Nunca ___ sushi.,he probado,he probado,Жизненный опыт — perfecto.,active
g0314,perfecto_vs_indefinido,multiple_choice,Выбери правильное время,A los 10 años ___ sushi por primera vez.,probé,probé,Конкретный момент — indefinido.,active
g0315,perfecto_vs_indefinido,multiple_choice,Выбери правильное время,Esta mañana yo ___ café.,he tomado,he tomado,Текущий период дня.,active
g0316,perfecto_vs_indefinido,multiple_choice,Выбери правильное время,Ayer por la mañana yo ___ café.,tomé,tomé,Завершённый период.,active
g0317,perfecto_vs_indefinido,multiple_choice,Выбери правильное время,Hoy nosotros ___ en casa.,hemos estado,hemos estado,Сегодня — perfecto.,active
g0318,perfecto_vs_indefinido,multiple_choice,Выбери правильное время,El domingo nosotros ___ en casa.,estuvimos,estuvimos,Конкретный день — indefinido.,active
g0319,perfecto_vs_indefinido,multiple_choice,Выбери правильное время,¿Alguna vez ___ ese libro?,has leído,has leído,Опыт — perfecto.,active
g0320,perfecto_vs_indefinido,multiple_choice,Выбери правильное время,El verano pasado ___ ese libro.,leí,leí,Завершённый период — indefinido.,active
g0321,perfecto_vs_indefinido,multiple_choice,Выбери правильное время,Esta tarde ella ___ a su madre.,ha llamado,ha llamado,Текущий период.,active
g0322,perfecto_vs_indefinido,multiple_choice,Выбери правильное время,Ayer ella ___ a su madre.,llamó,llamó,Ayer — indefinido.,active
g0323,perfecto_vs_indefinido,multiple_choice,Выбери правильное время,Todavía no ___ la respuesta.,he encontrado,he encontrado,Todavía no часто требует perfecto.,active
g0324,perfecto_vs_indefinido,multiple_choice,Выбери правильное время,Anoche no ___ la respuesta.,encontré,encontré,Anoche — indefinido.,active
g0325,perfecto_vs_indefinido,multiple_choice,Выбери правильное время,Ya ___ todo hoy.,he terminado,he terminado,Hoy + ya — perfecto.,active
g0326,perfecto_vs_indefinido,fill_form,Вставь правильную форму,Hoy yo ___ (comer) muy poco.,he comido,he comido,Hoy — perfecto.,active
g0327,perfecto_vs_indefinido,fill_form,Вставь правильную форму,Ayer yo ___ (comer) muy poco.,comí,comí,Ayer — indefinido.,active
g0328,perfecto_vs_indefinido,fill_form,Вставь правильную форму,Esta semana nosotros ___ (ver) a Ana.,hemos visto,hemos visto,Текущая неделя.,active
g0329,perfecto_vs_indefinido,fill_form,Вставь правильную форму,La semana pasada nosotros ___ (ver) a Ana.,vimos,vimos,Завершённая неделя.,active
g0330,perfecto_vs_indefinido,fill_form,Вставь правильную форму,¿Alguna vez ___ (estar) en México?,has estado,has estado,Жизненный опыт.,active
g0331,perfecto_vs_indefinido,fill_form,Вставь правильную форму,En 2020 ___ (estar) en México.,estuve,estuve,Конкретный год.,active
g0332,perfecto_vs_indefinido,fill_form,Вставь правильную форму,Hoy Marta ___ (hacer) la compra.,ha hecho,ha hecho,Сегодня — perfecto.,active
g0333,perfecto_vs_indefinido,fill_form,Вставь правильную форму,Ayer Marta ___ (hacer) la compra.,hizo,hizo,Ayer — indefinido.,active
g0334,perfecto_vs_indefinido,fill_form,Вставь правильную форму,Este mes ellos ___ (leer) tres libros.,han leído,han leído,Текущий месяц.,active
g0335,perfecto_vs_indefinido,fill_form,Вставь правильную форму,El mes pasado ellos ___ (leer) tres libros.,leyeron,leyeron,Завершённый месяц.,active
g0336,perfecto_vs_indefinido,fill_form,Вставь правильную форму,Nunca ___ (probar) pulpo.,he probado,he probado,Опыт.,active
g0337,perfecto_vs_indefinido,fill_form,Вставь правильную форму,A los veinte años ___ (probar) pulpo.,probé,probé,Конкретный момент.,active
g0338,perfecto_vs_indefinido,fill_form,Вставь правильную форму,Hoy nosotros ___ (estar) ocupados.,hemos estado,hemos estado,Сегодня.,active
g0339,perfecto_vs_indefinido,fill_form,Вставь правильную форму,El domingo nosotros ___ (estar) ocupados.,estuvimos,estuvimos,Конкретный день.,active
g0340,perfecto_vs_indefinido,fill_form,Вставь правильную форму,Todavía no ___ (terminar).,he terminado,he terminado,Todavía no — perfecto.,active
g0341,perfecto_vs_indefinido,fill_form,Вставь правильную форму,Anoche no ___ (terminar).,terminé,terminé,Anoche — indefinido.,active
g0342,perfecto_vs_indefinido,fill_form,Вставь правильную форму,Esta mañana yo ___ (beber) café.,he bebido,he bebido,Текущий период дня.,active
g0343,perfecto_vs_indefinido,fill_form,Вставь правильную форму,Ayer por la mañana yo ___ (beber) café.,bebí,bebí,Завершённый период.,active
g0344,perfecto_vs_indefinido,fill_form,Вставь правильную форму,Hoy ella ___ (llamar) a su madre.,ha llamado,ha llamado,Сегодня.,active
g0345,perfecto_vs_indefinido,fill_form,Вставь правильную форму,Ayer ella ___ (llamar) a su madre.,llamó,llamó,Ayer.,active
g0346,perfecto_vs_indefinido,fill_form,Вставь правильную форму,¿Ya ___ (resolver) el problema hoy?,has resuelto,has resuelto,Hoy + ya.,active
g0347,perfecto_vs_indefinido,fill_form,Вставь правильную форму,¿___ (resolver) el problema ayer?,Resolviste,Resolviste,Ayer.,active
g0348,perfecto_vs_indefinido,fill_form,Вставь правильную форму,Este año nosotros ___ (viajar) mucho.,hemos viajado,hemos viajado,Текущий год.,active
g0349,perfecto_vs_indefinido,fill_form,Вставь правильную форму,El año pasado nosotros ___ (viajar) mucho.,viajamos,viajamos,Завершённый год.,active
g0350,perfecto_vs_indefinido,fill_form,Вставь правильную форму,Alguna vez ___ (decir) eso?,has dicho,has dicho,Опыт до настоящего момента.,active
g0351,perfecto_vs_indefinido,fix_error,Исправь ошибку,Corrige: Ayer he ido al banco.,Ayer fui al banco.,Ayer fui al banco.,Ayer требует indefinido.,active
g0352,perfecto_vs_indefinido,fix_error,Исправь ошибку,Corrige: Hoy fui al banco.,Hoy he ido al banco.,Hoy he ido al banco.,Hoy обычно требует perfecto.,active
g0353,perfecto_vs_indefinido,fix_error,Исправь ошибку,Corrige: La semana pasada hemos visto a Ana.,La semana pasada vimos a Ana.,La semana pasada vimos a Ana.,Завершённая неделя — indefinido.,active
g0354,perfecto_vs_indefinido,fix_error,Исправь ошибку,Corrige: Este mes viajamos mucho.,Este mes hemos viajado mucho.,Este mes hemos viajado mucho.,Текущий месяц — perfecto.,active
g0355,perfecto_vs_indefinido,fix_error,Исправь ошибку,Corrige: En 2018 he vivido en Madrid.,En 2018 viví en Madrid.,En 2018 viví en Madrid.,Конкретный год — indefinido.,active
g0356,perfecto_vs_indefinido,fix_error,Исправь ошибку,Corrige: Nunca fui a Perú.,Nunca he ido a Perú.,Nunca he ido a Perú.,Жизненный опыт — perfecto.,active
g0357,perfecto_vs_indefinido,fix_error,Исправь ошибку,Corrige: Hoy terminé la tarea.,Hoy he terminado la tarea.,Hoy he terminado la tarea.,Hoy — perfecto.,active
g0358,perfecto_vs_indefinido,fix_error,Исправь ошибку,Corrige: Ayer he terminado la tarea.,Ayer terminé la tarea.,Ayer terminé la tarea.,Ayer — indefinido.,active
g0359,perfecto_vs_indefinido,fix_error,Исправь ошибку,Corrige: Esta mañana bebí café. (утро ещё продолжается),Esta mañana he bebido café.,Esta mañana he bebido café.,Текущий период дня — perfecto.,active
g0360,perfecto_vs_indefinido,fix_error,Исправь ошибку,Corrige: El domingo hemos estado en casa.,El domingo estuvimos en casa.,El domingo estuvimos en casa.,Конкретный день — indefinido.,active
g0361,perfecto_vs_indefinido,fix_error,Исправь ошибку,Corrige: Ya terminé hoy.,Ya he terminado hoy.,Ya he terminado hoy.,Сегодня + ya — perfecto.,active
g0362,perfecto_vs_indefinido,fix_error,Исправь ошибку,Corrige: En mi vida vi esa película.,En mi vida he visto esa película.,En mi vida he visto esa película.,Жизненный опыт — perfecto.,active
g0363,perfecto_vs_indefinido,fix_error,Исправь ошибку,Corrige: El mes pasado han comprado un coche.,El mes pasado compraron un coche.,El mes pasado compraron un coche.,Завершённый месяц — indefinido.,active
g0364,perfecto_vs_indefinido,fix_error,Исправь ошибку,Corrige: Este año compramos un coche.,Este año hemos comprado un coche.,Este año hemos comprado un coche.,Текущий год — perfecto.,active
g0365,perfecto_vs_indefinido,fix_error,Исправь ошибку,Corrige: Alguna vez fuiste a Granada?,¿Alguna vez has ido a Granada?,¿Alguna vez has ido a Granada?,Жизненный опыт.,active
g0366,perfecto_vs_indefinido,fix_error,Исправь ошибку,Corrige: En 2021 he estudiado allí.,En 2021 estudié allí.,En 2021 estudié allí.,Конкретный год.,active
g0367,perfecto_vs_indefinido,fix_error,Исправь ошибку,Corrige: Hoy ella llamó a su madre.,Hoy ella ha llamado a su madre.,Hoy ella ha llamado a su madre.,Сегодня — perfecto.,active
g0368,perfecto_vs_indefinido,fix_error,Исправь ошибку,Corrige: Ayer ella ha llamado a su madre.,Ayer ella llamó a su madre.,Ayer ella llamó a su madre.,Ayer — indefinido.,active
g0369,perfecto_vs_indefinido,fix_error,Исправь ошибку,Corrige: Nunca probé paella.,Nunca he probado paella.,Nunca he probado paella.,Жизненный опыт.,active
g0370,perfecto_vs_indefinido,fix_error,Исправь ошибку,Corrige: Cuando tenía 12 años he probado paella.,Cuando tenía 12 años probé paella.,Cuando tenía 12 años probé paella.,Конкретный момент.,active
g0371,perfecto_vs_indefinido,fix_error,Исправь ошибку,Corrige: Esta semana vimos tres películas.,Esta semana hemos visto tres películas.,Esta semana hemos visto tres películas.,Текущая неделя.,active
g0372,perfecto_vs_indefinido,fix_error,Исправь ошибку,Corrige: La semana pasada hemos comido fuera.,La semana pasada comimos fuera.,La semana pasada comimos fuera.,Завершённая неделя.,active
g0373,perfecto_vs_indefinido,fix_error,Исправь ошибку,Corrige: Hoy estuve cansado.,Hoy he estado cansado.,Hoy he estado cansado.,Сегодня — perfecto.,active
g0374,perfecto_vs_indefinido,fix_error,Исправь ошибку,Corrige: El sábado he estado cansado.,El sábado estuve cansado.,El sábado estuve cansado.,Конкретный день.,active
g0375,perfecto_vs_indefinido,fix_error,Исправь ошибку,Corrige: Ya hice todo esta tarde. (вечер ещё продолжается),Ya he hecho todo esta tarde.,Ya he hecho todo esta tarde.,Текущий период — perfecto.,active
g0376,perfecto_vs_indefinido,translation,Переведи на испанский,Сегодня я много работал.,Hoy he trabajado mucho.,Hoy he trabajado mucho.,Hoy — perfecto.,active
g0377,perfecto_vs_indefinido,translation,Переведи на испанский,Вчера я много работал.,Ayer trabajé mucho.,Ayer trabajé mucho.,Ayer — indefinido.,active
g0378,perfecto_vs_indefinido,translation,Переведи на испанский,На этой неделе мы посмотрели два фильма.,Esta semana hemos visto dos películas.,Esta semana hemos visto dos películas.,Текущая неделя — perfecto.,active
g0379,perfecto_vs_indefinido,translation,Переведи на испанский,На прошлой неделе мы посмотрели два фильма.,La semana pasada vimos dos películas.,La semana pasada vimos dos películas.,Завершённая неделя — indefinido.,active
g0380,perfecto_vs_indefinido,translation,Переведи на испанский,Ты когда-нибудь был в Севилье?,¿Alguna vez has estado en Sevilla?,¿Alguna vez has estado en Sevilla?,Жизненный опыт — perfecto.,active
g0381,perfecto_vs_indefinido,translation,Переведи на испанский,В 2019 году я был в Севилье.,En 2019 estuve en Sevilla.,En 2019 estuve en Sevilla.,Конкретный год — indefinido.,active
g0382,perfecto_vs_indefinido,translation,Переведи на испанский,Сегодня Марта пришла поздно.,Hoy Marta ha llegado tarde.,Hoy Marta ha llegado tarde.,Сегодня — perfecto.,active
g0383,perfecto_vs_indefinido,translation,Переведи на испанский,Вчера Марта пришла поздно.,Ayer Marta llegó tarde.,Ayer Marta llegó tarde.,Ayer — indefinido.,active
g0384,perfecto_vs_indefinido,translation,Переведи на испанский,В этом месяце они много путешествовали.,Este mes han viajado mucho.,Este mes han viajado mucho.,Текущий месяц — perfecto.,active
g0385,perfecto_vs_indefinido,translation,Переведи на испанский,В прошлом месяце они много путешествовали.,El mes pasado viajaron mucho.,El mes pasado viajaron mucho.,Завершённый месяц — indefinido.,active
g0386,perfecto_vs_indefinido,translation,Переведи на испанский,Ты уже сделал домашнее задание сегодня?,¿Ya has hecho la tarea hoy?,¿Ya has hecho la tarea hoy?,Hoy + ya — perfecto.,active
g0387,perfecto_vs_indefinido,translation,Переведи на испанский,Ты сделал домашнее задание вчера вечером?,¿Hiciste la tarea anoche?,¿Hiciste la tarea anoche?,Anoche — indefinido.,active
g0388,perfecto_vs_indefinido,translation,Переведи на испанский,Я никогда не пробовал осьминога.,Nunca he probado pulpo.,Nunca he probado pulpo.,Жизненный опыт — perfecto.,active
g0389,perfecto_vs_indefinido,translation,Переведи на испанский,В двадцать лет я впервые попробовал осьминога.,A los veinte años probé pulpo por primera vez.,A los veinte años probé pulpo por primera vez.,Конкретный момент — indefinido.,active
g0390,perfecto_vs_indefinido,translation,Переведи на испанский,Сегодня утром я пил кофе.,Esta mañana he bebido café.,Esta mañana he bebido café.,Текущий период дня.,active
g0391,perfecto_vs_indefinido,translation,Переведи на испанский,Вчера утром я пил кофе.,Ayer por la mañana bebí café.,Ayer por la mañana bebí café.,Завершённый период.,active
g0392,perfecto_vs_indefinido,translation,Переведи на испанский,Сегодня мы были дома.,Hoy hemos estado en casa.,Hoy hemos estado en casa.,Сегодня — perfecto.,active
g0393,perfecto_vs_indefinido,translation,Переведи на испанский,В воскресенье мы были дома.,El domingo estuvimos en casa.,El domingo estuvimos en casa.,Конкретный день.,active
g0394,perfecto_vs_indefinido,translation,Переведи на испанский,Ты уже нашёл ответ?,¿Ya has encontrado la respuesta?,¿Ya has encontrado la respuesta?,Связь с настоящим.,active
g0395,perfecto_vs_indefinido,translation,Переведи на испанский,Вчера вечером я нашёл ответ.,Ayer por la noche encontré la respuesta.,Ayer por la noche encontré la respuesta.,Завершённое действие.,active
g0396,perfecto_vs_indefinido,translation,Переведи на испанский,В этом году мы много путешествовали.,Este año hemos viajado mucho.,Este año hemos viajado mucho.,Текущий год.,active
g0397,perfecto_vs_indefinido,translation,Переведи на испанский,В прошлом году мы много путешествовали.,El año pasado viajamos mucho.,El año pasado viajamos mucho.,Завершённый год.,active
g0398,perfecto_vs_indefinido,translation,Переведи на испанский,Она сегодня звонила матери.,Hoy ha llamado a su madre.,Hoy ha llamado a su madre.,Сегодня — perfecto.,active
g0399,perfecto_vs_indefinido,translation,Переведи на испанский,Она вчера звонила матери.,Ayer llamó a su madre.,Ayer llamó a su madre.,Ayer — indefinido.,active
g0400,perfecto_vs_indefinido,translation,Переведи на испанский,Ты когда-нибудь читал эту книгу?,¿Alguna vez has leído este libro?,¿Alguna vez has leído este libro?,Жизненный опыт.,active
g0401,pronombres,multiple_choice,Выбери правильное местоимение,Yo ___ veo todos los días. (a Juan),lo,lo,a Juan → masculino singular directo → lo.,active
g0402,pronombres,multiple_choice,Выбери правильное местоимение,Yo ___ escribo una carta. (a María),le,le,a María → indirecto → le.,active
g0403,pronombres,multiple_choice,Выбери правильное местоимение,Nosotros ___ invitamos. (a Ana),la,la,Ana → directo femenino singular → la.,active
g0404,pronombres,multiple_choice,Выбери правильное местоимение,¿Tú ___ das el libro? (a ellos),les,les,a ellos → indirecto plural → les.,active
g0405,pronombres,multiple_choice,Выбери правильное местоимение,Ella ___ llama hoy. (a mí),me,me,a mí → me.,active
g0406,pronombres,multiple_choice,Выбери правильное местоимение,Yo ___ explico la tarea. (a ti),te,te,a ti → te.,active
g0407,pronombres,multiple_choice,Выбери правильное местоимение,Él ___ compra. (los zapatos),los,los,los zapatos → directo plural masculino.,active
g0408,pronombres,multiple_choice,Выбери правильное местоимение,Nosotras ___ escribimos. (a nuestras amigas),les,les,Indirecto plural → les.,active
g0409,pronombres,multiple_choice,Выбери правильное местоимение,¿Tú ___ conoces? (a Laura),la,la,Laura → directo femenino singular.,active
g0410,pronombres,multiple_choice,Выбери правильное местоимение,Yo ___ digo la verdad. (a usted),le,le,a usted → indirecto singular le.,active
g0411,pronombres,multiple_choice,Выбери правильное местоимение,Ella ___ ve. (a nosotros),nos,nos,a nosotros → nos.,active
g0412,pronombres,multiple_choice,Выбери правильное местоимение,Yo ___ mando un mensaje. (a vosotros),os,os,a vosotros → os.,active
g0413,pronombres,multiple_choice,Выбери правильное местоимение,Él ___ escucha. (la canción),la,la,la canción → directo femenino singular.,active
g0414,pronombres,multiple_choice,Выбери правильное местоимение,Nosotros ___ regalamos flores. (a nuestra madre),le,le,a nuestra madre → indirecto singular.,active
g0415,pronombres,multiple_choice,Выбери правильное местоимение,Yo ___ necesito. (a ti),te,te,a ti → te.,active
g0416,pronombres,multiple_choice,Выбери правильное местоимение,Tú ___ miras. (a mí),me,me,a mí → me.,active
g0417,pronombres,multiple_choice,Выбери правильное местоимение,Ellos ___ llaman. (a vosotros),os,os,a vosotros → os.,active
g0418,pronombres,multiple_choice,Выбери правильное местоимение,Yo ___ compro. (las entradas),las,las,las entradas → directo femenino plural.,active
g0419,pronombres,multiple_choice,Выбери правильное местоимение,Ella ___ presta dinero. (a mí),me,me,a mí → me.,active
g0420,pronombres,multiple_choice,Выбери правильное местоимение,Nosotros ___ conocemos. (a ellos),los,los,a ellos как прямое дополнение → los.,active
g0421,pronombres,multiple_choice,Выбери правильное местоимение,Yo ___ doy las llaves. (a Juan),le,le,Непрямое дополнение → le.,active
g0422,pronombres,multiple_choice,Выбери правильное местоимение,Ella ___ abraza. (a su hija),la,la,Прямое дополнение → la.,active
g0423,pronombres,multiple_choice,Выбери правильное местоимение,Nosotros ___ decimos la verdad. (a ellos),les,les,Непрямое дополнение мн. число.,active
g0424,pronombres,multiple_choice,Выбери правильное местоимение,Yo ___ busco. (a mis amigos),los,los,Прямое дополнение мн. число.,active
g0425,pronombres,multiple_choice,Выбери правильное местоимение,Tú ___ escribes. (a mí),me,me,Адресат — me.,active
g0426,pronombres,fill_form,Вставь правильное местоимение,Yo ___ veo. (a María),la,la,"Прямое дополнение, fem. sing.",active
g0427,pronombres,fill_form,Вставь правильное местоимение,Yo ___ doy el libro. (a Juan),le,le,"Непрямое дополнение, sing.",active
g0428,pronombres,fill_form,Вставь правильное местоимение,Ella ___ llama. (a nosotros),nos,nos,a nosotros → nos.,active
g0429,pronombres,fill_form,Вставь правильное местоимение,Nosotros ___ escribimos. (a ti),te,te,a ti → te.,active
g0430,pronombres,fill_form,Вставь правильное местоимение,Tú ___ compras. (los zapatos),los,los,"Прямое дополнение, masc. pl.",active
g0431,pronombres,fill_form,Вставь правильное местоимение,Yo ___ explico la lección. (a vosotros),os,os,a vosotros → os.,active
g0432,pronombres,fill_form,Вставь правильное местоимение,Él ___ escucha. (la canción),la,la,Прямое дополнение.,active
g0433,pronombres,fill_form,Вставь правильное местоимение,Nosotras ___ damos una respuesta. (a ellos),les,les,Непрямое дополнение plural.,active
g0434,pronombres,fill_form,Вставь правильное местоимение,Yo ___ conozco. (a Laura),la,la,Laura → la.,active
g0435,pronombres,fill_form,Вставь правильное местоимение,Ella ___ escribe una carta. (a mí),me,me,a mí → me.,active
g0436,pronombres,fill_form,Вставь правильное местоимение,Nosotros ___ miramos. (a ti),te,te,a ti → te.,active
g0437,pronombres,fill_form,Вставь правильное местоимение,Yo ___ compro. (las flores),las,las,Прямое дополнение plural.,active
g0438,pronombres,fill_form,Вставь правильное местоимение,Él ___ manda un mensaje. (a ella),le,le,Непрямое дополнение singular.,active
g0439,pronombres,fill_form,Вставь правильное местоимение,Vosotros ___ ayudáis. (a nosotros),nos,nos,a nosotros → nos.,active
g0440,pronombres,fill_form,Вставь правильное местоимение,Yo ___ necesito. (a ustedes),los,los,Прямое дополнение plural.,active
g0441,pronombres,fill_form,Вставь правильное местоимение,Ella ___ dice la verdad. (a ti),te,te,Непрямое дополнение sing.,active
g0442,pronombres,fill_form,Вставь правильное местоимение,Nosotros ___ invitamos. (a Marta),la,la,Marta → la.,active
g0443,pronombres,fill_form,Вставь правильное местоимение,Yo ___ presto mi coche. (a mi amigo),le,le,Непрямое дополнение.,active
g0444,pronombres,fill_form,Вставь правильное местоимение,Tú ___ ves. (a mí),me,me,a mí → me.,active
g0445,pronombres,fill_form,Вставь правильное местоимение,Ellos ___ llaman. (a Juan y Pedro),los,los,Прямое дополнение masc. plural.,active
g0446,pronombres,fill_form,Вставь правильное местоимение,Yo ___ escribo. (a mis padres),les,les,Непрямое дополнение plural.,active
g0447,pronombres,fill_form,Вставь правильное местоимение,Ella ___ abraza. (a su madre),la,la,Прямое дополнение fem. sing.,active
g0448,pronombres,fill_form,Вставь правильное местоимение,Nosotros ___ mandamos fotos. (a vosotros),os,os,a vosotros → os.,active
g0449,pronombres,fill_form,Вставь правильное местоимение,Yo ___ escucho. (las noticias),las,las,Прямое дополнение fem. plural.,active
g0450,pronombres,fill_form,Вставь правильное местоимение,Tú ___ compras un regalo. (a mí),me,me,Непрямое дополнение.,active
g0451,pronombres,fix_error,Исправь ошибку,Corrige: Yo la doy el libro a Juan.,Yo le doy el libro a Juan.,Yo le doy el libro a Juan.,Непрямое дополнение требует le.,active
g0452,pronombres,fix_error,Исправь ошибку,Corrige: Yo le veo todos los días. (a Pedro),Yo lo veo todos los días.,Yo lo veo todos los días.,Прямое дополнение masc. sing. → lo.,active
g0453,pronombres,fix_error,Исправь ошибку,Corrige: Nosotros les invitamos. (a Ana),Nosotros la invitamos.,Nosotros la invitamos.,Прямое дополнение fem. sing. → la.,active
g0454,pronombres,fix_error,Исправь ошибку,Corrige: Ella la escribe una carta a mí.,Ella me escribe una carta.,Ella me escribe una carta.,Адресат письма — me.,active
g0455,pronombres,fix_error,Исправь ошибку,Corrige: Yo los explico la tarea a vosotros.,Yo os explico la tarea.,Yo os explico la tarea.,Непрямое дополнение a vosotros → os.,active
g0456,pronombres,fix_error,Исправь ошибку,Corrige: Él le escucha. (la canción),Él la escucha.,Él la escucha.,la canción — прямое дополнение.,active
g0457,pronombres,fix_error,Исправь ошибку,Corrige: Yo la digo la verdad a ti.,Yo te digo la verdad.,Yo te digo la verdad.,Получатель информации — te.,active
g0458,pronombres,fix_error,Исправь ошибку,Corrige: Nosotros lo damos flores a nuestra madre.,Nosotros le damos flores a nuestra madre.,Nosotros le damos flores a nuestra madre.,Непрямое дополнение singular → le.,active
g0459,pronombres,fix_error,Исправь ошибку,Corrige: Tú les miras. (a mí),Tú me miras.,Tú me miras.,a mí → me.,active
g0460,pronombres,fix_error,Исправь ошибку,Corrige: Ella lo abraza. (a su hija),Ella la abraza.,Ella la abraza.,su hija → la.,active
g0461,pronombres,fix_error,Исправь ошибку,Corrige: Yo le compro. (las entradas),Yo las compro.,Yo las compro.,las entradas — прямое дополнение.,active
g0462,pronombres,fix_error,Исправь ошибку,Corrige: Nosotros las escribimos. (a ellos),Nosotros les escribimos.,Nosotros les escribimos.,a ellos как адресат → les.,active
g0463,pronombres,fix_error,Исправь ошибку,Corrige: Tú le conoces. (a Laura),Tú la conoces.,Tú la conoces.,Laura как прямое дополнение → la.,active
g0464,pronombres,fix_error,Исправь ошибку,Corrige: Yo os veo. (a nosotros),Yo nos veo.,Yo nos veo.,a nosotros → nos.,active
g0465,pronombres,fix_error,Исправь ошибку,Corrige: Ella me presta dinero a yo.,Ella me presta dinero.,Ella me presta dinero.,Нужна форма me без a yo.,active
g0466,pronombres,fix_error,Исправь ошибку,Corrige: Yo la mando un mensaje a usted.,Yo le mando un mensaje a usted.,Yo le mando un mensaje a usted.,Адресат → le.,active
g0467,pronombres,fix_error,Исправь ошибку,Corrige: Tú nos compras. (el pan),Tú lo compras.,Tú lo compras.,el pan — прямое дополнение masc. sing.,active
g0468,pronombres,fix_error,Исправь ошибку,Corrige: Ellos les llaman. (a vosotros),Ellos os llaman.,Ellos os llaman.,a vosotros → os.,active
g0469,pronombres,fix_error,Исправь ошибку,Corrige: Yo las explico la respuesta a Juan.,Yo le explico la respuesta a Juan.,Yo le explico la respuesta a Juan.,Непрямое дополнение → le.,active
g0470,pronombres,fix_error,Исправь ошибку,Corrige: Ella lo escucha a sus amigas.,Ella las escucha.,Ella las escucha.,sus amigas → las.,active
g0471,pronombres,fix_error,Исправь ошибку,Corrige: Nosotros la escribimos. (a nuestros padres),Nosotros les escribimos.,Nosotros les escribimos.,Адресат plural → les.,active
g0472,pronombres,fix_error,Исправь ошибку,Corrige: Yo les veo. (a Ana y Marta),Yo las veo.,Yo las veo.,Прямое дополнение fem. plural → las.,active
g0473,pronombres,fix_error,Исправь ошибку,Corrige: Tú lo dices la verdad a mí.,Tú me dices la verdad.,Tú me dices la verdad.,Получатель информации → me.,active
g0474,pronombres,fix_error,Исправь ошибку,Corrige: Yo le busco. (a mis amigos),Yo los busco.,Yo los busco.,Прямое дополнение masc. plural → los.,active
g0475,pronombres,fix_error,Исправь ошибку,Corrige: Nosotros los damos el libro a ella.,Nosotros le damos el libro a ella.,Nosotros le damos el libro a ella.,Непрямое дополнение → le.,active
g0476,pronombres,translation,Переведи на испанский,Я вижу его каждый день.,Lo veo todos los días.,Lo veo todos los días.,Прямое дополнение masc. sing. → lo.,active
g0477,pronombres,translation,Переведи на испанский,Я даю ей книгу.,Le doy el libro.,Le doy el libro.,Непрямое дополнение sing. → le.,active
g0478,pronombres,translation,Переведи на испанский,Мы приглашаем её.,La invitamos.,La invitamos.,Прямое дополнение fem. sing. → la.,active
g0479,pronombres,translation,Переведи на испанский,Ты даёшь им книгу?,¿Les das el libro?,¿Les das el libro?,Непрямое дополнение plural → les.,active
g0480,pronombres,translation,Переведи на испанский,Она звонит мне сегодня.,Me llama hoy.,Me llama hoy.,a mí → me.,active
g0481,pronombres,translation,Переведи на испанский,Я объясняю тебе задание.,Te explico la tarea.,Te explico la tarea.,a ti → te.,active
g0482,pronombres,translation,Переведи на испанский,Он покупает их. (туфли),Los compra.,Los compra.,Прямое дополнение masc. plural.,active
g0483,pronombres,translation,Переведи на испанский,Мы пишем им.,Les escribimos.,Les escribimos.,Адресат plural → les.,active
g0484,pronombres,translation,Переведи на испанский,Ты знаешь её? (Лауру),¿La conoces?,¿La conoces?,Laura → la.,active
g0485,pronombres,translation,Переведи на испанский,Я говорю вам правду.,Les digo la verdad.,Les digo la verdad.,Непрямое дополнение plural / formal.,active
g0486,pronombres,translation,Переведи на испанский,Она видит нас.,Nos ve.,Nos ve.,a nosotros → nos.,active
g0487,pronombres,translation,Переведи на испанский,Я отправляю вам сообщение. (vosotros),Os mando un mensaje.,Os mando un mensaje.,a vosotros → os.,active
g0488,pronombres,translation,Переведи на испанский,Он слушает её. (песню),La escucha.,La escucha.,la canción → la.,active
g0489,pronombres,translation,Переведи на испанский,Мы дарим ей цветы.,Le regalamos flores.,Le regalamos flores.,Непрямое дополнение sing. → le.,active
g0490,pronombres,translation,Переведи на испанский,Я нуждаюсь в тебе.,Te necesito.,Te necesito.,С necesitar обычно te.,active
g0491,pronombres,translation,Переведи на испанский,Ты смотришь на меня.,Me miras.,Me miras.,a mí → me.,active
g0492,pronombres,translation,Переведи на испанский,Они звонят вам. (vosotros),Os llaman.,Os llaman.,a vosotros → os.,active
g0493,pronombres,translation,Переведи на испанский,Я покупаю их. (билеты),Las compro.,Las compro.,las entradas → las.,active
g0494,pronombres,translation,Переведи на испанский,Она одалживает мне деньги.,Me presta dinero.,Me presta dinero.,a mí → me.,active
g0495,pronombres,translation,Переведи на испанский,"Мы знаем их. (их, группа мужчин)",Los conocemos.,Los conocemos.,Прямое дополнение masc. plural.,active
g0496,pronombres,translation,Переведи на испанский,Я даю ему ключи.,Le doy las llaves.,Le doy las llaves.,Непрямое дополнение sing. → le.,active
g0497,pronombres,translation,Переведи на испанский,Она обнимает её дочь.,La abraza.,La abraza.,su hija → la.,active
g0498,pronombres,translation,Переведи на испанский,Мы говорим им правду.,Les decimos la verdad.,Les decimos la verdad.,Непрямое дополнение plural.,active
g0499,pronombres,translation,Переведи на испанский,Я ищу их. (моих друзей),Los busco.,Los busco.,Прямое дополнение masc. plural.,active
g0500,pronombres,translation,Переведи на испанский,Ты пишешь мне?,¿Me escribes?,¿Me escribes?,a mí → me.,active
g0501,por_para,multiple_choice,Выбери por или para,Este regalo es ___ ti.,para,para,Получатель / адресат — para.,active
g0502,por_para,multiple_choice,Выбери por или para,Gracias ___ venir.,por,por,Причина / благодарность — por.,active
g0503,por_para,multiple_choice,Выбери por или para,Trabajo ___ mi familia.,por,por,"Ради кого-то, мотив — por.",active
g0504,por_para,multiple_choice,Выбери por или para,Salgo ___ Madrid mañana.,para,para,Направление — para.,active
g0505,por_para,multiple_choice,Выбери por или para,Lo hice ___ aprender más.,para,para,Цель — para.,active
g0506,por_para,multiple_choice,Выбери por или para,Caminamos ___ el parque.,por,por,Движение через / по месту — por.,active
g0507,por_para,multiple_choice,Выбери por или para,Estudio español ___ viajar.,para,para,Цель — para.,active
g0508,por_para,multiple_choice,Выбери por или para,Te llamo ___ la tarde.,por,por,Часть дня — por.,active
g0509,por_para,multiple_choice,Выбери por или para,Lo cambié ___ otro libro.,por,por,Обмен — por.,active
g0510,por_para,multiple_choice,Выбери por или para,La tarea es ___ mañana.,para,para,Срок — para.,active
g0511,por_para,multiple_choice,Выбери por или para,Lo hice ___ ti.,por,por,Ради кого-то — por.,active
g0512,por_para,multiple_choice,Выбери por или para,Este tren va ___ Valencia.,para,para,Направление — para.,active
g0513,por_para,multiple_choice,Выбери por или para,Pagó diez euros ___ el café.,por,por,Цена — por.,active
g0514,por_para,multiple_choice,Выбери por или para,Necesito el informe ___ el viernes.,para,para,Срок — para.,active
g0515,por_para,multiple_choice,Выбери por или para,Hablamos ___ teléfono.,por,por,Средство связи — por.,active
g0516,por_para,multiple_choice,Выбери por или para,Lo compré ___ mi madre.,para,para,Получатель подарка — para.,active
g0517,por_para,multiple_choice,Выбери por или para,Voy ___ el centro.,por,por,Движение по / через место — por.,active
g0518,por_para,multiple_choice,Выбери por или para,Corro ___ mantenerme sano.,para,para,Цель — para.,active
g0519,por_para,multiple_choice,Выбери por или para,Lo sé ___ experiencia.,por,por,Причина / основание — por.,active
g0520,por_para,multiple_choice,Выбери por или para,Salimos ___ la puerta principal.,por,por,Через какую дверь — por.,active
g0521,por_para,multiple_choice,Выбери por или para,Este libro es ___ estudiantes.,para,para,Предназначение — para.,active
g0522,por_para,multiple_choice,Выбери por или para,Viajamos ___ tren.,por,por,Средство передвижения — por.,active
g0523,por_para,multiple_choice,Выбери por или para,Te doy esto ___ que lo leas.,para,para,Цель — para.,active
g0524,por_para,multiple_choice,Выбери por или para,Lo hice ___ error.,por,por,По ошибке — por.,active
g0525,por_para,multiple_choice,Выбери por или para,Estoy aquí ___ ayudarte.,para,para,Цель — para.,active
g0526,por_para,fill_form,Вставь por или para,Este regalo es ___ ti.,para,para,Адресат — para.,active
g0527,por_para,fill_form,Вставь por или para,Gracias ___ tu ayuda.,por,por,Причина благодарности — por.,active
g0528,por_para,fill_form,Вставь por или para,Trabajo ___ ganar dinero.,para,para,Цель — para.,active
g0529,por_para,fill_form,Вставь por или para,Pasamos ___ el museo.,por,por,Движение через место — por.,active
g0530,por_para,fill_form,Вставь por или para,La reunión es ___ mañana.,para,para,Срок — para.,active
g0531,por_para,fill_form,Вставь por или para,Lo hice ___ amor.,por,por,Причина / мотив — por.,active
g0532,por_para,fill_form,Вставь por или para,Salgo ___ Barcelona.,para,para,Направление — para.,active
g0533,por_para,fill_form,Вставь por или para,Hablamos ___ internet.,por,por,Средство — por.,active
g0534,por_para,fill_form,Вставь por или para,Este libro es ___ niños.,para,para,Предназначение — para.,active
g0535,por_para,fill_form,Вставь por или para,Pagó mucho ___ ese coche.,por,por,Цена — por.,active
g0536,por_para,fill_form,Вставь por или para,Estudio ___ ser médico.,para,para,Цель — para.,active
g0537,por_para,fill_form,Вставь por или para,Voy ___ el aeropuerto.,para,para,Направление — para.,active
g0538,por_para,fill_form,Вставь por или para,Lo cambié ___ otro.,por,por,Обмен — por.,active
g0539,por_para,fill_form,Вставь por или para,Necesito terminarlo ___ el lunes.,para,para,Срок — para.,active
g0540,por_para,fill_form,Вставь por или para,Lo hago ___ ti.,por,por,Ради кого-то — por.,active
g0541,por_para,fill_form,Вставь por или para,Camino ___ el centro.,por,por,Маршрут / по месту — por.,active
g0542,por_para,fill_form,Вставь por или para,Compré flores ___ mi madre.,para,para,Получатель — para.,active
g0543,por_para,fill_form,Вставь por или para,Te llamo ___ la noche.,por,por,Часть дня — por.,active
g0544,por_para,fill_form,Вставь por или para,Lo sé ___ experiencia propia.,por,por,Основание — por.,active
g0545,por_para,fill_form,Вставь por или para,Estoy aquí ___ estudiar.,para,para,Цель — para.,active
g0546,por_para,fill_form,Вставь por или para,Entramos ___ la ventana.,por,por,Через что — por.,active
g0547,por_para,fill_form,Вставь por или para,Ese curso es ___ principiantes.,para,para,Предназначение — para.,active
g0548,por_para,fill_form,Вставь por или para,Lo hizo ___ obligación.,por,por,Причина — por.,active
g0549,por_para,fill_form,Вставь por или para,Te doy esto ___ que practiques.,para,para,Цель — para.,active
g0550,por_para,fill_form,Вставь por или para,Viajo ___ trabajo.,por,por,Причина — por.,active
g0551,por_para,fix_error,Исправь ошибку,Corrige: Este regalo es por ti.,Este regalo es para ti.,Este regalo es para ti.,Адресат / получатель — para.,active
g0552,por_para,fix_error,Исправь ошибку,Corrige: Gracias para venir.,Gracias por venir.,Gracias por venir.,Причина благодарности — por.,active
g0553,por_para,fix_error,Исправь ошибку,Corrige: Estudio español por viajar.,Estudio español para viajar.,Estudio español para viajar.,Цель — para.,active
g0554,por_para,fix_error,Исправь ошибку,Corrige: Caminamos para el parque. (через парк),Caminamos por el parque.,Caminamos por el parque.,Движение через место — por.,active
g0555,por_para,fix_error,Исправь ошибку,Corrige: La tarea es por mañana.,La tarea es para mañana.,La tarea es para mañana.,Срок — para.,active
g0556,por_para,fix_error,Исправь ошибку,Corrige: Lo hice para ti. (в значении ради тебя),Lo hice por ti.,Lo hice por ti.,Ради кого-то — por.,active
g0557,por_para,fix_error,Исправь ошибку,Corrige: Salgo por Madrid mañana. (направление),Salgo para Madrid mañana.,Salgo para Madrid mañana.,Направление — para.,active
g0558,por_para,fix_error,Исправь ошибку,Corrige: Pagó veinte euros para el libro.,Pagó veinte euros por el libro.,Pagó veinte euros por el libro.,Цена — por.,active
g0559,por_para,fix_error,Исправь ошибку,Corrige: Hablamos para teléfono.,Hablamos por teléfono.,Hablamos por teléfono.,Средство связи — por.,active
g0560,por_para,fix_error,Исправь ошибку,Corrige: Este manual es por estudiantes.,Este manual es para estudiantes.,Este manual es para estudiantes.,Предназначение — para.,active
g0561,por_para,fix_error,Исправь ошибку,Corrige: Lo cambié para otro libro.,Lo cambié por otro libro.,Lo cambié por otro libro.,Обмен — por.,active
g0562,por_para,fix_error,Исправь ошибку,Corrige: Necesito el informe por el viernes.,Necesito el informe para el viernes.,Necesito el informe para el viernes.,Срок — para.,active
g0563,por_para,fix_error,Исправь ошибку,Corrige: Estoy aquí por ayudarte.,Estoy aquí para ayudarte.,Estoy aquí para ayudarte.,Цель — para.,active
g0564,por_para,fix_error,Исправь ошибку,Corrige: Lo sé para experiencia.,Lo sé por experiencia.,Lo sé por experiencia.,Основание — por.,active
g0565,por_para,fix_error,Исправь ошибку,Corrige: Entramos para la puerta principal.,Entramos por la puerta principal.,Entramos por la puerta principal.,Через что — por.,active
g0566,por_para,fix_error,Исправь ошибку,Corrige: Trabajo para mi familia. (в значении ради семьи),Trabajo por mi familia.,Trabajo por mi familia.,Ради кого-то — por.,active
g0567,por_para,fix_error,Исправь ошибку,Corrige: Este café es por ti. (адресат),Este café es para ti.,Este café es para ti.,Получатель — para.,active
g0568,por_para,fix_error,Исправь ошибку,Corrige: Corro por mantenerme sano.,Corro para mantenerme sano.,Corro para mantenerme sano.,Цель — para.,active
g0569,por_para,fix_error,Исправь ошибку,Corrige: Viajamos para tren.,Viajamos por tren.,Viajamos por tren.,Средство — por.,active
g0570,por_para,fix_error,Исправь ошибку,Corrige: Lo hice para error.,Lo hice por error.,Lo hice por error.,По ошибке — por.,active
g0571,por_para,fix_error,Исправь ошибку,Corrige: Este curso es por principiantes.,Este curso es para principiantes.,Este curso es para principiantes.,Предназначение — para.,active
g0572,por_para,fix_error,Исправь ошибку,Corrige: Te llamo para la tarde.,Te llamo por la tarde.,Te llamo por la tarde.,Часть дня — por.,active
g0573,por_para,fix_error,Исправь ошибку,Corrige: Salimos para la ventana.,Salimos por la ventana.,Salimos por la ventana.,Через что — por.,active
g0574,por_para,fix_error,Исправь ошибку,Corrige: Lo compré por mi madre. (получатель),Lo compré para mi madre.,Lo compré para mi madre.,Получатель — para.,active
g0575,por_para,fix_error,Исправь ошибку,Corrige: Estudio para obligación.,Estudio por obligación.,Estudio por obligación.,Причина — por.,active
g0576,por_para,translation,Переведи на испанский,Этот подарок для тебя.,Este regalo es para ti.,Este regalo es para ti.,Адресат — para.,active
g0577,por_para,translation,Переведи на испанский,Спасибо за помощь.,Gracias por tu ayuda.,Gracias por tu ayuda.,Причина благодарности — por.,active
g0578,por_para,translation,Переведи на испанский,"Я учу испанский, чтобы путешествовать.",Estudio español para viajar.,Estudio español para viajar.,Цель — para.,active
g0579,por_para,translation,Переведи на испанский,Мы гуляли по парку.,Caminamos por el parque.,Caminamos por el parque.,Движение через / по месту — por.,active
g0580,por_para,translation,Переведи на испанский,Задание на завтра.,La tarea es para mañana.,La tarea es para mañana.,Срок — para.,active
g0581,por_para,translation,Переведи на испанский,Я сделал это ради тебя.,Lo hice por ti.,Lo hice por ti.,Ради кого-то — por.,active
g0582,por_para,translation,Переведи на испанский,Я уезжаю в Мадрид завтра.,Salgo para Madrid mañana.,Salgo para Madrid mañana.,Направление — para.,active
g0583,por_para,translation,Переведи на испанский,Он заплатил десять евро за кофе.,Pagó diez euros por el café.,Pagó diez euros por el café.,Цена — por.,active
g0584,por_para,translation,Переведи на испанский,Мы говорили по телефону.,Hablamos por teléfono.,Hablamos por teléfono.,Средство связи — por.,active
g0585,por_para,translation,Переведи на испанский,Эта книга для студентов.,Este libro es para estudiantes.,Este libro es para estudiantes.,Предназначение — para.,active
g0586,por_para,translation,Переведи на испанский,Я поменял это на другую книгу.,Lo cambié por otro libro.,Lo cambié por otro libro.,Обмен — por.,active
g0587,por_para,translation,Переведи на испанский,Мне нужен отчёт к пятнице.,Necesito el informe para el viernes.,Necesito el informe para el viernes.,Срок — para.,active
g0588,por_para,translation,Переведи на испанский,"Я здесь, чтобы помочь тебе.",Estoy aquí para ayudarte.,Estoy aquí para ayudarte.,Цель — para.,active
g0589,por_para,translation,Переведи на испанский,Я знаю это по опыту.,Lo sé por experiencia.,Lo sé por experiencia.,Основание — por.,active
g0590,por_para,translation,Переведи на испанский,Мы вошли через главную дверь.,Entramos por la puerta principal.,Entramos por la puerta principal.,Через что — por.,active
g0591,por_para,translation,Переведи на испанский,Я работаю ради семьи.,Trabajo por mi familia.,Trabajo por mi familia.,Ради кого-то — por.,active
g0592,por_para,translation,Переведи на испанский,Этот кофе для тебя.,Este café es para ti.,Este café es para ti.,Получатель — para.,active
g0593,por_para,translation,Переведи на испанский,"Я бегаю, чтобы быть здоровым.",Corro para mantenerme sano.,Corro para mantenerme sano.,Цель — para.,active
g0594,por_para,translation,Переведи на испанский,Мы путешествуем на поезде.,Viajamos por tren.,Viajamos por tren.,Средство — por.,active
g0595,por_para,translation,Переведи на испанский,Я сделал это по ошибке.,Lo hice por error.,Lo hice por error.,По ошибке — por.,active
g0596,por_para,translation,Переведи на испанский,Этот курс для начинающих.,Este curso es para principiantes.,Este curso es para principiantes.,Предназначение — para.,active
g0597,por_para,translation,Переведи на испанский,Я позвоню тебе днём.,Te llamo por la tarde.,Te llamo por la tarde.,Часть дня — por.,active
g0598,por_para,translation,Переведи на испанский,Мы вышли через окно.,Salimos por la ventana.,Salimos por la ventana.,Через что — por.,active
g0599,por_para,translation,Переведи на испанский,Я купил это для мамы.,Lo compré para mi madre.,Lo compré para mi madre.,Получатель — para.,active
g0600,por_para,translation,Переведи на испанский,Он сделал это по обязанности.,Lo hizo por obligación.,Lo hizo por obligación.,Причина — por.,active
g0601,numerales,multiple_choice,Выбери правильную форму,21 libros,veintiún libros,veintiún libros,Перед существительным мужского рода используется veintiún.,active
g0602,numerales,multiple_choice,Выбери правильную форму,31 chicas,treinta y una chicas,treinta y una chicas,Перед существительным женского рода — una.,active
g0603,numerales,multiple_choice,Выбери правильную форму,el 3º piso,el tercer piso,el tercer piso,Перед существительным tercero сокращается до tercer.,active
g0604,numerales,multiple_choice,Выбери правильную форму,100 euros,cien euros,cien euros,Перед существительным — cien.,active
g0605,numerales,multiple_choice,Выбери правильную форму,101 páginas,ciento una páginas,ciento una páginas,После ciento + fem. noun — una.,active
g0606,numerales,multiple_choice,Выбери правильную форму,500 personas,quinientas personas,quinientas personas,Женский род — quinientas.,active
g0607,numerales,multiple_choice,Выбери правильную форму,700 libros,setecientos libros,setecientos libros,Мужской род — setecientos.,active
g0608,numerales,multiple_choice,Выбери правильную форму,el 1º día,el primer día,el primer día,Перед существительным primero сокращается до primer.,active
g0609,numerales,multiple_choice,Выбери правильную форму,22 coches,veintidós coches,veintidós coches,Правильная форма veintidós.,active
g0610,numerales,multiple_choice,Выбери правильную форму,16 casas,dieciséis casas,dieciséis casas,Правильная форма dieciséis.,active
g0611,numerales,multiple_choice,Выбери правильную форму,200 mesas,doscientas mesas,doscientas mesas,Женский род — doscientas.,active
g0612,numerales,multiple_choice,Выбери правильную форму,900 libros,novecientos libros,novecientos libros,Мужской род — novecientos.,active
g0613,numerales,multiple_choice,Выбери правильную форму,el 7º capítulo,el séptimo capítulo,el séptimo capítulo,Порядковое числительное.,active
g0614,numerales,multiple_choice,Выбери правильную форму,40 minutos,cuarenta minutos,cuarenta minutos,Правильная форма cuarenta.,active
g0615,numerales,multiple_choice,Выбери правильную форму,15 alumnos,quince alumnos,quince alumnos,Правильная форма quince.,active
g0616,numerales,fill_form,Впиши правильную форму числительного,21 libros,veintiún libros,veintiún libros,Перед masc. noun — veintiún.,active
g0617,numerales,fill_form,Впиши правильную форму числительного,31 mesas,treinta y una mesas,treinta y una mesas,Перед fem. noun — una.,active
g0618,numerales,fill_form,Впиши правильную форму числительного,1er día,primer día,primer día,Перед существительным — primer.,active
g0619,numerales,fill_form,Впиши правильную форму числительного,100 euros,cien euros,cien euros,Перед существительным — cien.,active
g0620,numerales,fill_form,Впиши правильную форму числительного,500 personas,quinientas personas,quinientas personas,Женский род — quinientas.,active
g0621,numerales,fill_form,Впиши правильную форму числительного,700 libros,setecientos libros,setecientos libros,Мужской род — setecientos.,active
g0622,numerales,fill_form,Впиши правильную форму числительного,22 coches,veintidós coches,veintidós coches,Правильная форма.,active
g0623,numerales,fill_form,Впиши правильную форму числительного,16 casas,dieciséis casas,dieciséis casas,Правильная форма.,active
g0624,numerales,fill_form,Впиши правильную форму числительного,200 mesas,doscientas mesas,doscientas mesas,Женский род.,active
g0625,numerales,fill_form,Впиши правильную форму числительного,900 libros,novecientos libros,novecientos libros,Мужской род.,active
g0626,numerales,fill_form,Впиши правильную форму числительного,séptimo capítulo,séptimo capítulo,séptimo capítulo,Порядковое числительное.,active
g0627,numerales,fill_form,Впиши правильную форму числительного,40 minutos,cuarenta minutos,cuarenta minutos,Правильная форма.,active
g0628,numerales,fill_form,Впиши правильную форму числительного,15 alumnos,quince alumnos,quince alumnos,Правильная форма.,active
g0629,numerales,fill_form,Впиши правильную форму числительного,101 páginas,ciento una páginas,ciento una páginas,Женский род.,active
g0630,numerales,fill_form,Впиши правильную форму числительного,300 coches,trescientos coches,trescientos coches,Мужской род.,active
g0631,numerales,fix_error,Исправь ошибку,Corrige: veintiuno libros,veintiún libros,veintiún libros,Перед masc. noun — veintiún.,active
g0632,numerales,fix_error,Исправь ошибку,Corrige: treinta y uno mesas,treinta y una mesas,treinta y una mesas,Перед fem. noun — una.,active
g0633,numerales,fix_error,Исправь ошибку,Corrige: primero día,primer día,primer día,Перед существительным primero → primer.,active
g0634,numerales,fix_error,Исправь ошибку,Corrige: ciento euros,cien euros,cien euros,Перед существительным — cien.,active
g0635,numerales,fix_error,Исправь ошибку,Corrige: quinientos personas,quinientas personas,quinientas personas,Женский род — quinientas.,active
g0636,numerales,fix_error,Исправь ошибку,Corrige: setecientas libros,setecientos libros,setecientos libros,Мужской род — setecientos.,active
g0637,numerales,fix_error,Исправь ошибку,Corrige: ventidós coches,veintidós coches,veintidós coches,Орфография: veintidós.,active
g0638,numerales,fix_error,Исправь ошибку,Corrige: dieciseis casas,dieciséis casas,dieciséis casas,Нужен акцент: dieciséis.,active
g0639,numerales,fix_error,Исправь ошибку,Corrige: doscientos mesas,doscientas mesas,doscientas mesas,Женский род — doscientas.,active
g0640,numerales,fix_error,Исправь ошибку,Corrige: novecientas libros,novecientos libros,novecientos libros,Мужской род — novecientos.,active
g0641,numerales,fix_error,Исправь ошибку,Corrige: el tercero capítulo,el tercer capítulo,el tercer capítulo,Перед существительным tercero → tercer.,active
g0642,numerales,fix_error,Исправь ошибку,Corrige: quarenta minutos,cuarenta minutos,cuarenta minutos,Орфография: cuarenta.,active
g0643,numerales,fix_error,Исправь ошибку,Corrige: quize alumnos,quince alumnos,quince alumnos,Орфография: quince.,active
g0644,numerales,fix_error,Исправь ошибку,Corrige: ciento uno páginas,ciento una páginas,ciento una páginas,Женский род — una.,active
g0645,numerales,fix_error,Исправь ошибку,Corrige: trecientas coches,trescientos coches,trescientos coches,Правильная форма: trescientos.,active
g0646,numerales,translation,Переведи на испанский,Двадцать одна книга.,Veintiún libros.,Veintiún libros.,Перед masc. noun — veintiún.,active
g0647,numerales,translation,Переведи на испанский,Тридцать одна девушка.,Treinta y una chicas.,Treinta y una chicas.,Перед fem. noun — una.,active
g0648,numerales,translation,Переведи на испанский,Первый день.,Primer día.,Primer día.,Перед существительным primero → primer.,active
g0649,numerales,translation,Переведи на испанский,Сто евро.,Cien euros.,Cien euros.,Перед существительным — cien.,active
g0650,numerales,translation,Переведи на испанский,Пятьсот человек.,Quinientas personas.,Quinientas personas.,Женский род — quinientas.,active
g0651,numerales,translation,Переведи на испанский,Семьсот книг.,Setecientos libros.,Setecientos libros.,Мужской род — setecientos.,active
g0652,numerales,translation,Переведи на испанский,Двадцать две машины.,Veintidós coches.,Veintidós coches.,Правильная форма veintidós.,active
g0653,numerales,translation,Переведи на испанский,Шестнадцать домов.,Dieciséis casas.,Dieciséis casas.,Правильная форма dieciséis.,active
g0654,numerales,translation,Переведи на испанский,Двести столов.,Doscientas mesas.,Doscientas mesas.,Женский род — doscientas.,active
g0655,numerales,translation,Переведи на испанский,Девятьсот книг.,Novecientos libros.,Novecientos libros.,Мужской род — novecientos.,active
g0656,numerales,translation,Переведи на испанский,Третий этаж.,Tercer piso.,Tercer piso.,Перед существительным tercero → tercer.,active
g0657,numerales,translation,Переведи на испанский,Сорок минут.,Cuarenta minutos.,Cuarenta minutos.,Правильная форма cuarenta.,active
g0658,numerales,translation,Переведи на испанский,Пятнадцать учеников.,Quince alumnos.,Quince alumnos.,Правильная форма quince.,active
g0659,numerales,translation,Переведи на испанский,Сто одна страница.,Ciento una páginas.,Ciento una páginas.,Женский род.,active
g0660,numerales,translation,Переведи на испанский,Триста машин.,Trescientos coches.,Trescientos coches.,Мужской род.,active
