item_id,topic_id,spanish,russian,item_type,gender,number,tags,example_es,example_ru,accepted_answers_es,accepted_answers_ru,explanation,status
v0001,general_library,último,последний,word,,,tekst_o_messi,,,último,последний,Импортировано из блока «Текст о Месси»,active
v0002,general_library,aficionado,любитель,word,,,tekst_o_messi,,,aficionado,любитель,Импортировано из блока «Текст о Месси»,active
v0003,general_library,patrimonio,наследие,word,,,tekst_o_messi,,,patrimonio,наследие,Импортировано из блока «Текст о Месси»,active
v0004,general_library,origen,происхождение,word,,,tekst_o_messi,,,origen,происхождение,Импортировано из блока «Текст о Месси»,active
v0005,general_library,humilde,скромный,word,,,tekst_o_messi,,,humilde,скромный,Импортировано из блока «Текст о Месси»,active
v0006,general_library,apodar,прозвать,word,,,tekst_o_messi,,,apodar,прозвать,Импортировано из блока «Текст о Месси»,active
v0007,general_library,poseer,обладать,word,,,tekst_o_messi,,,poseer,обладать,Импортировано из блока «Текст о Месси»,active
v0008,general_library,condición,качество,word,,,tekst_o_messi,,,condición,качество,Импортировано из блока «Текст о Месси»,active
v0009,general_library,crecimiento,рост,word,,,tekst_o_messi,,,crecimiento,рост,Импортировано из блока «Текст о Месси»,active
v0010,general_library,peso,масса,word,,,tekst_o_messi,,,peso,масса,Импортировано из блока «Текст о Месси»,active
v0011,general_library,esfuerzo,старание,word,,,tekst_o_messi,,,esfuerzo,старание,Импортировано из блока «Текст о Месси»,active
v0012,general_library,merecer,заслуживать,word,,,tekst_o_messi,,,merecer,заслуживать,Импортировано из блока «Текст о Месси»,active
v0013,general_library,impedimento,препятствие,word,,,tekst_o_messi,,,impedimento,препятствие,Импортировано из блока «Текст о Месси»,active
v0014,general_library,zurdo,левша,word,,,tekst_o_messi,,,zurdo,левша,Импортировано из блока «Текст о Месси»,active
v0015,general_library,diestro,правша,word,,,tekst_o_messi,,,diestro,правша,Импортировано из блока «Текст о Месси»,active
v0016,general_library,ostentoso,роскошный,word,,,tekst_o_messi,,,ostentoso,роскошный,Импортировано из блока «Текст о Месси»,active
v0017,general_library,sorprender,удивить,word,,,tekst_o_messi,,,sorprender,удивить,Импортировано из блока «Текст о Месси»,active
v0018,general_library,destacar,подчеркнуть,word,,,tekst_o_messi,,,destacar,подчеркнуть,Импортировано из блока «Текст о Месси»,active
v0019,general_library,ventaja,преимущество,word,,,tekst_o_messi,,,ventaja,преимущество,Импортировано из блока «Текст о Месси»,active
v0020,general_library,dejar,оставить,word,,,tekst_o_messi,,,dejar,оставить,Импортировано из блока «Текст о Месси»,active
v0021,general_library,salud,здоровье,word,,,tekst_o_messi,,,salud,здоровье,Импортировано из блока «Текст о Месси»,active
v0022,general_library,encarar,противостоять,word,,,tekst_o_messi,,,encarar,противостоять,Импортировано из блока «Текст о Месси»,active
v0023,general_library,apasionar,увлечь,word,,,tekst_o_messi,,,apasionar,увлечь,Импортировано из блока «Текст о Месси»,active
v0024,general_library,perseverancia,настойчивость,word,,,tekst_o_messi,,,perseverancia,настойчивость,Импортировано из блока «Текст о Месси»,active
v0025,general_library,lograr,достигнуть,word,,,tekst_o_messi,,,lograr,достигнуть,Импортировано из блока «Текст о Месси»,active
v0026,general_library,oler,пахнуть,word,,,novye_slova_aprel,,,oler,пахнуть,Импортировано из блока «Новые слова апрель»,active
v0027,general_library,suerte,удача,word,,,novye_slova_aprel,,,suerte,удача,Импортировано из блока «Новые слова апрель»,active
v0028,general_library,nena,детка,word,,,novye_slova_aprel,,,nena,детка,Импортировано из блока «Новые слова апрель»,active
v0029,general_library,gorra,кепка,word,,,novye_slova_aprel,,,gorra,кепка,Импортировано из блока «Новые слова апрель»,active
v0030,general_library,diseño,дизайн,word,,,novye_slova_aprel,,,diseño,дизайн,Импортировано из блока «Новые слова апрель»,active
v0031,general_library,calidad,качество,word,,,novye_slova_aprel,,,calidad,качество,Импортировано из блока «Новые слова апрель»,active
v0032,general_library,pertenecer,принадлежать,word,,,novye_slova_aprel,,,pertenecer,принадлежать,Импортировано из блока «Новые слова апрель»,active
v0033,general_library,dirigir,направлять,word,,,novye_slova_aprel,,,dirigir,направлять,Импортировано из блока «Новые слова апрель»,active
v0034,general_library,hogar,дом,word,,,novye_slova_aprel,,,hogar,дом,Импортировано из блока «Новые слова апрель»,active
v0035,general_library,tratar de,пытаться что-то сделать,phrase,,,novye_slova_aprel,,,tratar de,пытаться что-то сделать,Импортировано из блока «Новые слова апрель»,active
v0036,general_library,cita,свидание,word,,,novye_slova_aprel,,,cita,свидание,Импортировано из блока «Новые слова апрель»,active
v0037,general_library,justo,справедливо,word,,,novye_slova_aprel,,,justo,справедливо,Импортировано из блока «Новые слова апрель»,active
v0038,general_library,acabar,закончить,word,,,novye_slova_aprel,,,acabar,закончить,Импортировано из блока «Новые слова апрель»,active
v0039,general_library,bajar,опустить,word,,,novye_slova_aprel,,,bajar,опустить,Импортировано из блока «Новые слова апрель»,active
v0040,general_library,chocar,врезаться,word,,,novye_slova_aprel,,,chocar,врезаться,Импортировано из блока «Новые слова апрель»,active
v0041,general_library,dimitir,уйти,word,,,novye_slova_aprel,,,dimitir,уйти,Импортировано из блока «Новые слова апрель»,active
v0042,general_library,ganar,выиграть,word,,,novye_slova_aprel,,,ganar,выиграть,Импортировано из блока «Новые слова апрель»,active
v0043,general_library,morir,умереть,word,,,novye_slova_aprel,,,morir,умереть,Импортировано из блока «Новые слова апрель»,active
v0044,general_library,subir,подняться,word,,,novye_slova_aprel,,,subir,подняться,Импортировано из блока «Новые слова апрель»,active
v0045,general_library,perder,проиграть,word,,,novye_slova_aprel,,,perder,проиграть,Импортировано из блока «Новые слова апрель»,active
v0046,general_library,mostrar,показать,word,,,novye_slova_aprel,,,mostrar,показать,Импортировано из блока «Новые слова апрель»,active
v0047,general_library,enviar,отправить,word,,,novye_slova_aprel,,,enviar,отправить,Импортировано из блока «Новые слова апрель»,active
v0048,general_library,pastel,десерт,word,,,lola_lago_5,,,pastel,десерт,Импортировано из блока «Lola Lago 5»,active
v0049,general_library,madrugar,просыпаться рано,word,,,lola_lago_5,,,madrugar,просыпаться рано,Импортировано из блока «Lola Lago 5»,active
v0050,general_library,manzana,яблоко,word,,,lola_lago_5,,,manzana,яблоко,Импортировано из блока «Lola Lago 5»,active
v0051,general_library,dinero,деньги,word,,,lola_lago_5,,,dinero,деньги,Импортировано из блока «Lola Lago 5»,active
v0052,general_library,árbol,дерево,word,,,lola_lago_5,,,árbol,дерево,Импортировано из блока «Lola Lago 5»,active
v0053,general_library,ofrecer,предлагать,word,,,lola_lago_5,,,ofrecer,предлагать,Импортировано из блока «Lola Lago 5»,active
v0054,general_library,barato,дешевый,word,,,lola_lago_5,,,barato,дешевый,Импортировано из блока «Lola Lago 5»,active
v0055,general_library,enseguida,тотчас,word,,,lola_lago_5,,,enseguida,тотчас,Импортировано из блока «Lola Lago 5»,active
v0056,general_library,salir,выйти,word,,,lola_lago_5,,,salir,выйти,Импортировано из блока «Lola Lago 5»,active
v0057,general_library,oscuro,темный,word,,,lola_lago_5,,,oscuro,темный,Импортировано из блока «Lola Lago 5»,active
v0058,general_library,luminoso,светлый,word,,,lola_lago_5,,,luminoso,светлый,Импортировано из блока «Lola Lago 5»,active
v0059,general_library,tomar,взять,word,,,lola_lago_5,,,tomar,взять,Импортировано из блока «Lola Lago 5»,active
v0060,general_library,ley,закон,word,,,lola_lago_5,,,ley,закон,Импортировано из блока «Lola Lago 5»,active
v0061,general_library,nadie,никто,word,,,lola_lago_5,,,nadie,никто,Импортировано из блока «Lola Lago 5»,active
v0062,general_library,peligros,опасность,word,,,lola_lago_5,,,peligros,опасность,Импортировано из блока «Lola Lago 5»,active
v0063,general_library,peligroso,опасный,word,,,lola_lago_5,,,peligroso,опасный,Импортировано из блока «Lola Lago 5»,active
v0064,general_library,sonrisa,улыбка,word,,,lola_lago_5,,,sonrisa,улыбка,Импортировано из блока «Lola Lago 5»,active
v0065,general_library,entonces,тогда,word,,,lola_lago_5,,,entonces,тогда,Импортировано из блока «Lola Lago 5»,active
v0066,general_library,alguien,кто-то,word,,,lola_lago_5,,,alguien,кто-то,Импортировано из блока «Lola Lago 5»,active
v0067,general_library,esconder,прятать,word,,,lola_lago_5,,,esconder,прятать,Импортировано из блока «Lola Lago 5»,active
v0068,general_library,mientras,тем временем,word,,,lola_lago_5,,,mientras,тем временем,Импортировано из блока «Lola Lago 5»,active
v0069,general_library,matar,убить,word,,,lola_lago_5,,,matar,убить,Импортировано из блока «Lola Lago 5»,active
v0070,general_library,triste,грустный,word,,,lola_lago_5,,,triste,грустный,Импортировано из блока «Lola Lago 5»,active
v0071,general_library,colgar,повесить,word,,,lola_lago_5,,,colgar,повесить,Импортировано из блока «Lola Lago 5»,active
v0072,general_library,grave,серьезный,word,,,lola_lago_5,,,grave,серьезный,Импортировано из блока «Lola Lago 5»,active
v0073,general_library,exagerar,преувеличивать,word,,,lola_lago_5,,,exagerar,преувеличивать,Импортировано из блока «Lola Lago 5»,active
v0074,general_library,seguir,продолжать,word,,,lola_lago_5,,,seguir,продолжать,Импортировано из блока «Lola Lago 5»,active
v0075,general_library,poca,мало,word,,,lola_lago_5,,,poca,мало,Импортировано из блока «Lola Lago 5»,active
v0076,general_library,agua,вода,word,,,lola_lago_5,,,agua,вода,Импортировано из блока «Lola Lago 5»,active
v0077,general_library,hacia,к,word,,,lola_lago_5,,,hacia,к,Импортировано из блока «Lola Lago 5»,active
v0078,general_library,tirar,потянуть,word,,,lola_lago_5,,,tirar,потянуть,Импортировано из блока «Lola Lago 5»,active
v0079,general_library,ahogar,заглушить,word,,,lola_lago_5,,,ahogar,заглушить,Импортировано из блока «Lola Lago 5»,active
v0080,general_library,tragar,глотать,word,,,lola_lago_5,,,tragar,глотать,Импортировано из блока «Lola Lago 5»,active
v0081,general_library,sacar,вытащить,word,,,lola_lago_5,,,sacar,вытащить,Импортировано из блока «Lola Lago 5»,active
v0082,general_library,brazo,рука,word,,,lola_lago_5,,,brazo,рука,Импортировано из блока «Lola Lago 5»,active
v0083,general_library,tos,кашель,word,,,lola_lago_5,,,tos,кашель,Импортировано из блока «Lola Lago 5»,active
v0084,general_library,arena,песок,word,,,lola_lago_5,,,arena,песок,Импортировано из блока «Lola Lago 5»,active
v0085,general_library,fuerte,сильный,word,,,lola_lago_5,,,fuerte,сильный,Импортировано из блока «Lola Lago 5»,active
v0086,general_library,marear,закружить,word,,,lola_lago_5,,,marear,закружить,Импортировано из блока «Lola Lago 5»,active
v0087,general_library,bolsillo,карман,word,,,lola_lago_5,,,bolsillo,карман,Импортировано из блока «Lola Lago 5»,active
v0088,general_library,cena,ужин,word,,,lola_lago_4,,,cena,ужин,Импортировано из блока «Lola lago 4»,active
v0089,general_library,cama,кровать,word,,,lola_lago_4,,,cama,кровать,Импортировано из блока «Lola lago 4»,active
v0090,general_library,novio,возлюбленный,word,,,lola_lago_4,,,novio,возлюбленный,Импортировано из блока «Lola lago 4»,active
v0091,general_library,casualidad,случайность,word,,,lola_lago_4,,,casualidad,случайность,Импортировано из блока «Lola lago 4»,active
v0092,general_library,direccion,адрес,word,,,lola_lago_4,,,direccion,адрес,Импортировано из блока «Lola lago 4»,active
v0093,general_library,mandar,приказать,word,,,lola_lago_4,,,mandar,приказать,Импортировано из блока «Lola lago 4»,active
v0094,general_library,contrato,контракт,word,,,lola_lago_4,,,contrato,контракт,Импортировано из блока «Lola lago 4»,active
v0095,general_library,sentir,чувствовать,word,,,lola_lago_4,,,sentir,чувствовать,Импортировано из блока «Lola lago 4»,active
v0096,general_library,fruta,фрукты,word,,,lola_lago_4,,,fruta,фрукты,Импортировано из блока «Lola lago 4»,active
v0097,general_library,verdura,овощи,word,,,lola_lago_4,,,verdura,овощи,Импортировано из блока «Lola lago 4»,active
v0098,general_library,pescado,рыба,word,,,lola_lago_4,,,pescado,рыба,Импортировано из блока «Lola lago 4»,active
v0099,general_library,barba,борода,word,,,lola_lago_4,,,barba,борода,Импортировано из блока «Lola lago 4»,active
v0100,general_library,cara,лицо,word,,,lola_lago_4,,,cara,лицо,Импортировано из блока «Lola lago 4»,active
v0101,general_library,cortar,резать,word,,,lola_lago_4,,,cortar,резать,Импортировано из блока «Lola lago 4»,active
v0102,general_library,engordar,жиреть,word,,,lola_lago_4,,,engordar,жиреть,Импортировано из блока «Lola lago 4»,active
v0103,general_library,contestar,ответить,word,,,lola_lago_4,,,contestar,ответить,Импортировано из блока «Lola lago 4»,active
v0104,general_library,mediodía,полдень,word,,,lola_lago_4,,,mediodía,полдень,Импортировано из блока «Lola lago 4»,active
v0105,general_library,gente,человек,word,,,lola_lago_4,,,gente,человек,Импортировано из блока «Lola lago 4»,active
v0106,general_library,invertir,инвестировать,word,,,lola_lago_4,,,invertir,инвестировать,Импортировано из блока «Lola lago 4»,active
v0107,general_library,acordar,соглашаться,word,,,lola_lago_4,,,acordar,соглашаться,Импортировано из блока «Lola lago 4»,active
v0108,general_library,empresa,компания,word,,,lola_lago_4,,,empresa,компания,Импортировано из блока «Lola lago 4»,active
v0109,general_library,copiar,скопировать,word,,,lola_lago_4,,,copiar,скопировать,Импортировано из блока «Lola lago 4»,active
v0110,general_library,receta,рецепт,word,,,lola_lago_4,,,receta,рецепт,Импортировано из блока «Lola lago 4»,active
v0111,general_library,bombon,конфета,word,,,lola_lago_4,,,bombon,конфета,Импортировано из блока «Lola lago 4»,active
v0112,general_library,encantar,очень нравиться,word,,,lola_lago_4,,,encantar,очень нравиться,Импортировано из блока «Lola lago 4»,active
v0113,general_library,bigote,усы,word,,,lola_lago_4,,,bigote,усы,Импортировано из блока «Lola lago 4»,active
v0114,general_library,dibujar,рисовать,word,,,lola_lago_4,,,dibujar,рисовать,Импортировано из блока «Lola lago 4»,active
v0115,general_library,puente,мост,word,,,lola_lago_4,,,puente,мост,Импортировано из блока «Lola lago 4»,active
v0116,general_library,té,чай,word,,,lola_lago_4,,,té,чай,Импортировано из блока «Lola lago 4»,active
v0117,general_library,linda,милая,word,,,lola_lago_4,,,linda,милая,Импортировано из блока «Lola lago 4»,active
v0118,general_library,preciosa,милая (2),word,,,lola_lago_4,,,preciosa,милая (2),Импортировано из блока «Lola lago 4»,active
v0119,general_library,noticias,новости,word,,,lola_lago_4,,,noticias,новости,Импортировано из блока «Lola lago 4»,active
v0120,general_library,limpiar,чистить,word,,,lola_lago_4,,,limpiar,чистить,Импортировано из блока «Lola lago 4»,active
v0121,general_library,tocar la,играть на инструменте,phrase,,,lola_lago_4,,,tocar la,играть на инструменте,Импортировано из блока «Lola lago 4»,active
v0122,general_library,a veces,иногда,phrase,,,lola_lago_4,,,a veces,иногда,Импортировано из блока «Lola lago 4»,active
v0123,general_library,pescar,рыбачить,word,,,lola_lago_4,,,pescar,рыбачить,Импортировано из блока «Lola lago 4»,active
v0124,general_library,muebles,мебель,word,,,lola_lago_4,,,muebles,мебель,Импортировано из блока «Lola lago 4»,active
v0125,general_library,quemar,сжигать,word,,,lola_lago_4,,,quemar,сжигать,Импортировано из блока «Lola lago 4»,active
v0126,general_library,de pronto,вдруг,phrase,,,lola_lago_4,,,de pronto,вдруг,Импортировано из блока «Lola lago 4»,active
v0127,general_library,hoguera,костер,word,,,lola_lago_4,,,hoguera,костер,Импортировано из блока «Lola lago 4»,active
v0128,general_library,ejecutivo,менеджер,word,,,lola_lago_3,,,ejecutivo,менеджер,Импортировано из блока «Lola Lago 3»,active
v0129,general_library,azafata,стюардесса,word,,,lola_lago_3,,,azafata,стюардесса,Импортировано из блока «Lola Lago 3»,active
v0130,general_library,controladores,диспетчер,word,,,lola_lago_3,,,controladores,диспетчер,Импортировано из блока «Lola Lago 3»,active
v0131,general_library,huelga,забастовка,word,,,lola_lago_3,,,huelga,забастовка,Импортировано из блока «Lola Lago 3»,active
v0132,general_library,esperar,ожидать,word,,,lola_lago_3,,,esperar,ожидать,Импортировано из блока «Lola Lago 3»,active
v0133,general_library,revista,журнал,word,,,lola_lago_3,,,revista,журнал,Импортировано из блока «Lola Lago 3»,active
v0134,general_library,pelo,волос,word,,,lola_lago_3,,,pelo,волос,Импортировано из блока «Lola Lago 3»,active
v0135,general_library,pasar,происходить,word,,,lola_lago_3,,,pasar,происходить,Импортировано из блока «Lola Lago 3»,active
v0136,general_library,aviso,уведомление,word,,,lola_lago_3,,,aviso,уведомление,Импортировано из блока «Lola Lago 3»,active
v0137,general_library,levantar,поднять,word,,,lola_lago_3,,,levantar,поднять,Импортировано из блока «Lola Lago 3»,active
v0138,general_library,quedado,пассивный,word,,,lola_lago_3,,,quedado,пассивный,Импортировано из блока «Lola Lago 3»,active
v0139,general_library,mejor,лучший,word,,,lola_lago_3,,,mejor,лучший,Импортировано из блока «Lola Lago 3»,active
v0140,general_library,amable,приветливый,word,,,lola_lago_3,,,amable,приветливый,Импортировано из блока «Lola Lago 3»,active
v0141,general_library,demasiado,слишком,word,,,lola_lago_3,,,demasiado,слишком,Импортировано из блока «Lola Lago 3»,active
v0142,general_library,mostrador,стойка,word,,,lola_lago_3,,,mostrador,стойка,Импортировано из блока «Lola Lago 3»,active
v0143,general_library,sorpresa,сюрприз,word,,,lola_lago_3,,,sorpresa,сюрприз,Импортировано из блока «Lola Lago 3»,active
v0144,general_library,desagradable,неприятный,word,,,lola_lago_3,,,desagradable,неприятный,Импортировано из блока «Lola Lago 3»,active
v0145,general_library,seguro,уверен,word,,,lola_lago_3,,,seguro,уверен,Импортировано из блока «Lola Lago 3»,active
v0146,general_library,sentar,сидеть,word,,,lola_lago_3,,,sentar,сидеть,Импортировано из блока «Lola Lago 3»,active
v0147,general_library,algunos,некоторые,word,,,lola_lago_3,,,algunos,некоторые,Импортировано из блока «Lola Lago 3»,active
v0148,general_library,luego,затем,word,,,lola_lago_3,,,luego,затем,Импортировано из блока «Lola Lago 3»,active
v0149,general_library,agradable,приятный,word,,,lola_lago_3,,,agradable,приятный,Импортировано из блока «Lola Lago 3»,active
v0150,general_library,viudo,вдова,word,,,lola_lago_3,,,viudo,вдова,Импортировано из блока «Lola Lago 3»,active
v0151,general_library,soltero,холостой,word,,,lola_lago_3,,,soltero,холостой,Импортировано из блока «Lola Lago 3»,active
v0152,general_library,paisaje,пейзаж,word,,,lola_lago_3,,,paisaje,пейзаж,Импортировано из блока «Lola Lago 3»,active
v0153,general_library,paseo,прогулка,word,,,lola_lago_3,,,paseo,прогулка,Импортировано из блока «Lola Lago 3»,active
v0154,general_library,lentamente,медленно,word,,,lola_lago_3,,,lentamente,медленно,Импортировано из блока «Lola Lago 3»,active
v0155,general_library,quizá,возможно,word,,,lola_lago_3,,,quizá,возможно,Импортировано из блока «Lola Lago 3»,active
v0156,general_library,tonteria,глупость,word,,,lola_lago_3,,,tonteria,глупость,Импортировано из блока «Lola Lago 3»,active
v0157,general_library,habitacion,номер,word,,,lola_lago_3,,,habitacion,номер,Импортировано из блока «Lola Lago 3»,active
v0158,general_library,bañar,купать,word,,,lola_lago_3,,,bañar,купать,Импортировано из блока «Lola Lago 3»,active
v0159,general_library,vestido,платье,word,,,lola_lago_3,,,vestido,платье,Импортировано из блока «Lola Lago 3»,active
v0160,general_library,espejo,зеркало,word,,,lola_lago_3,,,espejo,зеркало,Импортировано из блока «Lola Lago 3»,active
v0161,general_library,timidamente,робко,word,,,lola_lago_3,,,timidamente,робко,Импортировано из блока «Lola Lago 3»,active
v0162,general_library,residencial,жилой,word,,,lola_lago_3,,,residencial,жилой,Импортировано из блока «Lola Lago 3»,active
v0163,general_library,mercado,рынок,word,,,lola_lago_3,,,mercado,рынок,Импортировано из блока «Lola Lago 3»,active
v0164,general_library,molestia,неудобство,word,,,lola_lago_3,,,molestia,неудобство,Импортировано из блока «Lola Lago 3»,active
v0165,general_library,marisco,моллюск,word,,,lola_lago_3,,,marisco,моллюск,Импортировано из блока «Lola Lago 3»,active
v0166,general_library,gambas,креветки,word,,,lola_lago_3,,,gambas,креветки,Импортировано из блока «Lola Lago 3»,active
v0167,general_library,pollo,курица,word,,,lola_lago_3,,,pollo,курица,Импортировано из блока «Lola Lago 3»,active
v0168,general_library,callar,молчать,word,,,lola_lago_3,,,callar,молчать,Импортировано из блока «Lola Lago 3»,active
v0169,general_library,quedar,остаться,word,,,lola_lago_3,,,quedar,остаться,Импортировано из блока «Lola Lago 3»,active
v0170,general_library,serios,серьезный,word,,,lola_lago_3,,,serios,серьезный,Импортировано из блока «Lola Lago 3»,active
v0171,general_library,explica,объяснил,word,,,lola_lago_3,,,explica,объяснил,Импортировано из блока «Lola Lago 3»,active
v0172,general_library,jardín,сад,word,,,lola_lago_3,,,jardín,сад,Импортировано из блока «Lola Lago 3»,active
v0173,general_library,precio,цена,word,,,lola_lago_3,,,precio,цена,Импортировано из блока «Lola Lago 3»,active
v0174,general_library,negocio,сделка,word,,,lola_lago_3,,,negocio,сделка,Импортировано из блока «Lola Lago 3»,active
v0175,general_library,organizar,организовывать,word,,,lola_lago_3,,,organizar,организовывать,Импортировано из блока «Lola Lago 3»,active
v0176,general_library,gerente,управляющий,word,,,lola_lago_3,,,gerente,управляющий,Импортировано из блока «Lola Lago 3»,active
v0177,general_library,un tal,некто,phrase,,,lola_lago_3,,,un tal,некто,Импортировано из блока «Lola Lago 3»,active
v0178,general_library,mes,месяц,word,,,lola_lago_3,,,mes,месяц,Импортировано из блока «Lola Lago 3»,active
v0179,general_library,ahorrar,сберегать,word,,,lola_lago_3,,,ahorrar,сберегать,Импортировано из блока «Lola Lago 3»,active
v0180,general_library,tarjeta,карточка,word,,,lola_lago_3,,,tarjeta,карточка,Импортировано из блока «Lola Lago 3»,active
v0181,general_library,alquilar,арендовать,word,,,lola_lago_3,,,alquilar,арендовать,Импортировано из блока «Lola Lago 3»,active
v0182,general_library,beso,поцелуй,word,,,lola_lago_3,,,beso,поцелуй,Импортировано из блока «Lola Lago 3»,active
v0183,general_library,piedra,камень,word,,,lola_lago_3,,,piedra,камень,Импортировано из блока «Lola Lago 3»,active
v0184,general_library,robar,украсть,word,,,lola_lago_3,,,robar,украсть,Импортировано из блока «Lola Lago 3»,active
v0185,general_library,estafar,обмануть,word,,,lola_lago_3,,,estafar,обмануть,Импортировано из блока «Lola Lago 3»,active
v0186,general_library,pobre,бедный,word,,,lola_lago_3,,,pobre,бедный,Импортировано из блока «Lola Lago 3»,active
v0187,general_library,immobillarios,недвижимость,word,,,lola_lago_3,,,immobillarios,недвижимость,Импортировано из блока «Lola Lago 3»,active
v0188,general_library,feliz,счастливый,word,,,lola_lago_3,,,feliz,счастливый,Импортировано из блока «Lola Lago 3»,active
v0189,general_library,escuela,школа,word,,,lola_lago_3,,,escuela,школа,Импортировано из блока «Lola Lago 3»,active
v0190,general_library,entrar,вступить,word,,,lola_lago_2,,,entrar,вступить,Импортировано из блока «Lola Lago 2»,active
v0191,general_library,reírse,смеяться,word,,,lola_lago_2,,,reírse,смеяться,Импортировано из блока «Lola Lago 2»,active
v0192,general_library,al lado,рядом,phrase,,,lola_lago_2,,,al lado,рядом,Импортировано из блока «Lola Lago 2»,active
v0193,general_library,un poco,немного,phrase,,,lola_lago_2,,,un poco,немного,Импортировано из блока «Lola Lago 2»,active
v0194,general_library,despacho,кабинет,word,,,lola_lago_2,,,despacho,кабинет,Импортировано из блока «Lola Lago 2»,active
v0195,general_library,soportar,поддерживать,word,,,lola_lago_2,,,soportar,поддерживать,Импортировано из блока «Lola Lago 2»,active
v0196,general_library,simple,простой,word,,,lola_lago_2,,,simple,простой,Импортировано из блока «Lola Lago 2»,active
v0197,general_library,raro,редкий,word,,,lola_lago_2,,,raro,редкий,Импортировано из блока «Lola Lago 2»,active
v0198,general_library,impuestos,налоги,word,,,lola_lago_2,,,impuestos,налоги,Импортировано из блока «Lola Lago 2»,active
v0199,general_library,pagar,платить,word,,,lola_lago_2,,,pagar,платить,Импортировано из блока «Lola Lago 2»,active
v0200,general_library,tarde,поздно,word,,,lola_lago_2,,,tarde,поздно,Импортировано из блока «Lola Lago 2»,active
v0201,general_library,además,кроме,word,,,lola_lago_2,,,además,кроме,Импортировано из блока «Lola Lago 2»,active
v0202,general_library,siempre,всегда,word,,,lola_lago_2,,,siempre,всегда,Импортировано из блока «Lola Lago 2»,active
v0203,general_library,enamorar,влюбить,word,,,lola_lago_2,,,enamorar,влюбить,Импортировано из блока «Lola Lago 2»,active
v0204,general_library,calvo,лысенький,word,,,lola_lago_2,,,calvo,лысенький,Импортировано из блока «Lola Lago 2»,active
v0205,general_library,ahora,сейчас,word,,,lola_lago_2,,,ahora,сейчас,Импортировано из блока «Lola Lago 2»,active
v0206,general_library,serio,серьезный,word,,,lola_lago_2,,,serio,серьезный,Импортировано из блока «Lola Lago 2»,active
v0207,general_library,guapo,красавчик,word,,,lola_lago_2,,,guapo,красавчик,Импортировано из блока «Lola Lago 2»,active
v0208,general_library,época,эпоха,word,,,lola_lago_2,,,época,эпоха,Импортировано из блока «Lola Lago 2»,active
v0209,general_library,junto,вместе,word,,,lola_lago_2,,,junto,вместе,Импортировано из блока «Lola Lago 2»,active
v0210,general_library,amistad,дружба,word,,,lola_lago_2,,,amistad,дружба,Импортировано из блока «Lola Lago 2»,active
v0211,general_library,extranjero,иностранный,word,,,lola_lago_2,,,extranjero,иностранный,Импортировано из блока «Lola Lago 2»,active
v0212,general_library,casado,женатый,word,,,lola_lago_2,,,casado,женатый,Импортировано из блока «Lola Lago 2»,active
v0213,general_library,descansar,отдыхать,word,,,lola_lago_2,,,descansar,отдыхать,Импортировано из блока «Lola Lago 2»,active
v0214,general_library,vale,хорошо,word,,,lola_lago_2,,,vale,хорошо,Импортировано из блока «Lola Lago 2»,active
v0215,general_library,encontrar,находиться,word,,,lola_lago_2,,,encontrar,находиться,Импортировано из блока «Lola Lago 2»,active
v0216,general_library,vuelo,рейс,word,,,lola_lago_2,,,vuelo,рейс,Импортировано из блока «Lola Lago 2»,active
v0217,general_library,apetecer,хотеться,word,,,lola_lago_2,,,apetecer,хотеться,Импортировано из блока «Lola Lago 2»,active
v0218,general_library,mar,море,word,,,lola_lago_2,,,mar,море,Импортировано из блока «Lola Lago 2»,active
v0219,general_library,pensar,думать,word,,,lola_lago_2,,,pensar,думать,Импортировано из блока «Lola Lago 2»,active
v0220,general_library,canción,песня,word,,,lola_lago_2,,,canción,песня,Импортировано из блока «Lola Lago 2»,active
v0221,general_library,bolso,сумка,word,,,lola_lago_2,,,bolso,сумка,Импортировано из блока «Lola Lago 2»,active
v0222,general_library,recoger,собрать,word,,,lola_lago_2,,,recoger,собрать,Импортировано из блока «Lola Lago 2»,active
v0223,general_library,que viene,следующий,phrase,,,lola_lago_2,,,que viene,следующий,Импортировано из блока «Lola Lago 2»,active
v0224,general_library,golpe,удар,word,,,lola_lago_2,,,golpe,удар,Импортировано из блока «Lola Lago 2»,active
v0225,general_library,cerrar,закрыть,word,,,lola_lago_2,,,cerrar,закрыть,Импортировано из блока «Lola Lago 2»,active
v0226,general_library,puerta,дверь,word,,,lola_lago_2,,,puerta,дверь,Импортировано из блока «Lola Lago 2»,active
v0227,general_library,todavía,все еще,word,,,lola_lago_2,,,todavía,все еще,Импортировано из блока «Lola Lago 2»,active
v0228,general_library,socio,партнер,word,,,lola_lago_1,,,socio,партнер,Импортировано из блока «Lola Lago 1»,active
v0229,general_library,otro,другой,word,,,lola_lago_1,,,otro,другой,Импортировано из блока «Lola Lago 1»,active
v0230,general_library,marido,муж,word,,,lola_lago_1,,,marido,муж,Импортировано из блока «Lola Lago 1»,active
v0231,general_library,jubilarse,выйти на пенсию,word,,,lola_lago_1,,,jubilarse,выйти на пенсию,Импортировано из блока «Lola Lago 1»,active
v0232,general_library,calle,улица,word,,,lola_lago_1,,,calle,улица,Импортировано из блока «Lola Lago 1»,active
v0233,general_library,pequeño,небольшой,word,,,lola_lago_1,,,pequeño,небольшой,Импортировано из блока «Lola Lago 1»,active
v0234,general_library,antiguo,древний,word,,,lola_lago_1,,,antiguo,древний,Импортировано из блока «Lola Lago 1»,active
v0235,general_library,viejo,старый,word,,,lola_lago_1,,,viejo,старый,Импортировано из блока «Lola Lago 1»,active
v0236,general_library,joven,молодой,word,,,lola_lago_1,,,joven,молодой,Импортировано из блока «Lola Lago 1»,active
v0237,general_library,tranquilamente,спокойно,word,,,lola_lago_1,,,tranquilamente,спокойно,Импортировано из блока «Lola Lago 1»,active
v0238,general_library,efectivamente,фактически,word,,,lola_lago_1,,,efectivamente,фактически,Импортировано из блока «Lola Lago 1»,active
v0239,general_library,carta,письмо,word,,,lola_lago_1,,,carta,письмо,Импортировано из блока «Lola Lago 1»,active
v0240,general_library,cambiar,изменить,word,,,lola_lago_1,,,cambiar,изменить,Импортировано из блока «Lola Lago 1»,active
v0241,general_library,ningún,ни один,word,,,lola_lago_1,,,ningún,ни один,Импортировано из блока «Lola Lago 1»,active
v0242,general_library,nada,ничто,word,,,lola_lago_1,,,nada,ничто,Импортировано из блока «Lola Lago 1»,active
v0243,general_library,funcionar,работает,word,,,lola_lago_1,,,funcionar,работает,Импортировано из блока «Lola Lago 1»,active
v0244,general_library,todo,всё,word,,,lola_lago_1,,,todo,всё,Импортировано из блока «Lola Lago 1»,active
v0245,general_library,joyas,драгоценности,word,,,lola_lago_1,,,joyas,драгоценности,Импортировано из блока «Lola Lago 1»,active
v0246,general_library,espiar,шпионить,word,,,lola_lago_1,,,espiar,шпионить,Импортировано из блока «Lola Lago 1»,active
v0247,general_library,por eso,поэтому,phrase,,,lola_lago_1,,,por eso,поэтому,Импортировано из блока «Lola Lago 1»,active
v0248,general_library,faltar,отсутствовать,word,,,lola_lago_1,,,faltar,отсутствовать,Импортировано из блока «Lola Lago 1»,active
v0249,general_library,siglo,век,word,,,unit_2,,,siglo,век,Импортировано из блока «Unit 2»,active
v0250,general_library,enero,январь,word,,,unit_2,,,enero,январь,Импортировано из блока «Unit 2»,active
v0251,general_library,febrero,февраль,word,,,unit_2,,,febrero,февраль,Импортировано из блока «Unit 2»,active
v0252,general_library,marzo,март,word,,,unit_2,,,marzo,март,Импортировано из блока «Unit 2»,active
v0253,general_library,abril,апрель,word,,,unit_2,,,abril,апрель,Импортировано из блока «Unit 2»,active
v0254,general_library,mayo,май,word,,,unit_2,,,mayo,май,Импортировано из блока «Unit 2»,active
v0255,general_library,junio,июнь,word,,,unit_2,,,junio,июнь,Импортировано из блока «Unit 2»,active
v0256,general_library,julio,июль,word,,,unit_2,,,julio,июль,Импортировано из блока «Unit 2»,active
v0257,general_library,agosto,август,word,,,unit_2,,,agosto,август,Импортировано из блока «Unit 2»,active
v0258,general_library,septiembre,сентябрь,word,,,unit_2,,,septiembre,сентябрь,Импортировано из блока «Unit 2»,active
v0259,general_library,octubre,октябрь,word,,,unit_2,,,octubre,октябрь,Импортировано из блока «Unit 2»,active
v0260,general_library,noviembre,ноябрь,word,,,unit_2,,,noviembre,ноябрь,Импортировано из блока «Unit 2»,active
v0261,general_library,diciembre,декабрь,word,,,unit_2,,,diciembre,декабрь,Импортировано из блока «Unit 2»,active
v0262,general_library,fecha,дата,word,,,unit_2,,,fecha,дата,Импортировано из блока «Unit 2»,active
v0263,general_library,hoy,сегодня,word,,,unit_2,,,hoy,сегодня,Импортировано из блока «Unit 2»,active
v0264,general_library,Creo que,"я думаю, что",phrase,,,unit_2,,,Creo que,"я думаю, что",Импортировано из блока «Unit 2»,active
v0265,general_library,lunes,понедельник,word,,,unit_2,,,lunes,понедельник,Импортировано из блока «Unit 2»,active
v0266,general_library,martes,вторник,word,,,unit_2,,,martes,вторник,Импортировано из блока «Unit 2»,active
v0267,general_library,miercoles,среда,word,,,unit_2,,,miercoles,среда,Импортировано из блока «Unit 2»,active
v0268,general_library,jueves,четверг,word,,,unit_2,,,jueves,четверг,Импортировано из блока «Unit 2»,active
v0269,general_library,viernes,пятница,word,,,unit_2,,,viernes,пятница,Импортировано из блока «Unit 2»,active
v0270,general_library,sabado,суббота,word,,,unit_2,,,sabado,суббота,Импортировано из блока «Unit 2»,active
v0271,general_library,domingo,воскресенье,word,,,unit_2,,,domingo,воскресенье,Импортировано из блока «Unit 2»,active
v0272,general_library,me gusta,мне нравится,phrase,,,unit_2,,,me gusta,мне нравится,Импортировано из блока «Unit 2»,active
v0273,general_library,me interesa,мне интересно,phrase,,,unit_2,,,me interesa,мне интересно,Импортировано из блока «Unit 2»,active
v0274,general_library,a menudo,часто,phrase,,,unit_2,,,a menudo,часто,Импортировано из блока «Unit 2»,active
v0275,general_library,nunca,никогда,word,,,unit_2,,,nunca,никогда,Импортировано из блока «Unit 2»,active
v0276,general_library,negro,черный,word,,,unit_2,,,negro,черный,Импортировано из блока «Unit 2»,active
v0277,general_library,marrón,коричневый,word,,,unit_2,,,marrón,коричневый,Импортировано из блока «Unit 2»,active
v0278,general_library,gris,серый,word,,,unit_2,,,gris,серый,Импортировано из блока «Unit 2»,active
v0279,general_library,blanco,белый,word,,,unit_2,,,blanco,белый,Импортировано из блока «Unit 2»,active
v0280,general_library,amarillo,желтый,word,,,unit_2,,,amarillo,желтый,Импортировано из блока «Unit 2»,active
v0281,general_library,anaranjado,оранжевый,word,,,unit_2,,,anaranjado,оранжевый,Импортировано из блока «Unit 2»,active
v0282,general_library,rojo,красный,word,,,unit_2,,,rojo,красный,Импортировано из блока «Unit 2»,active
v0283,general_library,rosado,розоывй,word,,,unit_2,,,rosado,розоывй,Импортировано из блока «Unit 2»,active
v0284,general_library,morado,фиолетовый,word,,,unit_2,,,morado,фиолетовый,Импортировано из блока «Unit 2»,active
v0285,general_library,azul,синий,word,,,unit_2,,,azul,синий,Импортировано из блока «Unit 2»,active
v0286,general_library,verde,зеленый,word,,,unit_2,,,verde,зеленый,Импортировано из блока «Unit 2»,active
v0287,general_library,camiseta,футболка,word,,,odezhda,,,camiseta,футболка,Импортировано из блока «Одежда»,active
v0288,general_library,camisa,рубашка,word,,,odezhda,,,camisa,рубашка,Импортировано из блока «Одежда»,active
v0289,general_library,pantalones,брюки,word,,,odezhda,,,pantalones,брюки,Импортировано из блока «Одежда»,active
v0290,general_library,falda,юбка,word,,,odezhda,,,falda,юбка,Импортировано из блока «Одежда»,active
v0291,general_library,chaqueta,куртка,word,,,odezhda,,,chaqueta,куртка,Импортировано из блока «Одежда»,active
v0292,general_library,shorts,шорты,word,,,odezhda,,,shorts,шорты,Импортировано из блока «Одежда»,active
v0293,general_library,jersey,свитшот,word,,,odezhda,,,jersey,свитшот,Импортировано из блока «Одежда»,active
v0294,general_library,sudadera,худи,word,,,odezhda,,,sudadera,худи,Импортировано из блока «Одежда»,active
v0295,general_library,abrigo,пальто,word,,,odezhda,,,abrigo,пальто,Импортировано из блока «Одежда»,active
v0296,general_library,las medias,колготки,phrase,,,odezhda,,,las medias,колготки,Импортировано из блока «Одежда»,active
v0297,general_library,kimono,кимоно,word,,,odezhda,,,kimono,кимоно,Импортировано из блока «Одежда»,active
v0298,general_library,rebeca,кардиган,word,,,odezhda,,,rebeca,кардиган,Импортировано из блока «Одежда»,active
v0299,general_library,bata,халат,word,,,odezhda,,,bata,халат,Импортировано из блока «Одежда»,active
v0300,general_library,polo,поло,word,,,odezhda,,,polo,поло,Импортировано из блока «Одежда»,active
v0301,general_library,traje,костюм,word,,,odezhda,,,traje,костюм,Импортировано из блока «Одежда»,active
v0302,general_library,blusa,блуза,word,,,odezhda,,,blusa,блуза,Импортировано из блока «Одежда»,active
v0303,general_library,sujetador,лифчик,word,,,odezhda,,,sujetador,лифчик,Импортировано из блока «Одежда»,active
v0304,general_library,bragas,женские трусы,word,,,odezhda,,,bragas,женские трусы,Импортировано из блока «Одежда»,active
v0305,general_library,calzoncillos,мужские трусы,word,,,odezhda,,,calzoncillos,мужские трусы,Импортировано из блока «Одежда»,active
v0306,general_library,calcetines,носки,word,,,odezhda,,,calcetines,носки,Импортировано из блока «Одежда»,active
v0307,general_library,bañadores,купальник,word,,,odezhda,,,bañadores,купальник,Импортировано из блока «Одежда»,active
v0308,general_library,biquini,бикини,word,,,odezhda,,,biquini,бикини,Импортировано из блока «Одежда»,active
v0309,general_library,vaqueros,джинсы,word,,,odezhda,,,vaqueros,джинсы,Импортировано из блока «Одежда»,active
v0310,general_library,gafas,очки,word,,,odezhda,,,gafas,очки,Импортировано из блока «Одежда»,active
v0311,general_library,ser,быть,word,,,glagoly,,,ser,быть,Импортировано из блока «Глаголы»,active
v0312,general_library,tener,иметь,word,,,glagoly,,,tener,иметь,Импортировано из блока «Глаголы»,active
v0313,general_library,llamarse,называться,word,,,glagoly,,,llamarse,называться,Импортировано из блока «Глаголы»,active
v0314,general_library,enseñar,учить чему-то,word,,,glagoly,,,enseñar,учить чему-то,Импортировано из блока «Глаголы»,active
v0315,general_library,hacer,сделать,word,,,glagoly,,,hacer,сделать,Импортировано из блока «Глаголы»,active
v0316,general_library,ir,"идти, ехать",word,,,glagoly,,,ir,"идти, ехать",Импортировано из блока «Глаголы»,active
v0317,general_library,venir,приходить,word,,,glagoly,,,venir,приходить,Импортировано из блока «Глаголы»,active
v0318,general_library,saber,"знать, уметь",word,,,glagoly,,,saber,"знать, уметь",Импортировано из блока «Глаголы»,active
v0319,general_library,ver,смотреть,word,,,glagoly,,,ver,смотреть,Импортировано из блока «Глаголы»,active
v0320,general_library,querer,хотеть,word,,,glagoly,,,querer,хотеть,Импортировано из блока «Глаголы»,active
v0321,general_library,empezar,начать,word,,,glagoly,,,empezar,начать,Импортировано из блока «Глаголы»,active
v0322,general_library,calentar,нагревать,word,,,glagoly,,,calentar,нагревать,Импортировано из блока «Глаголы»,active
v0323,general_library,entender,понимать,word,,,glagoly,,,entender,понимать,Импортировано из блока «Глаголы»,active
v0324,general_library,mentir,лгать,word,,,glagoly,,,mentir,лгать,Импортировано из блока «Глаголы»,active
v0325,general_library,preferir,предпочитать,word,,,glagoly,,,preferir,предпочитать,Импортировано из блока «Глаголы»,active
v0326,general_library,contar,учитывать,word,,,glagoly,,,contar,учитывать,Импортировано из блока «Глаголы»,active
v0327,general_library,costar,стоить,word,,,glagoly,,,costar,стоить,Импортировано из блока «Глаголы»,active
v0328,general_library,probar,пробовать,word,,,glagoly,,,probar,пробовать,Импортировано из блока «Глаголы»,active
v0329,general_library,recordar,помнить,word,,,glagoly,,,recordar,помнить,Импортировано из блока «Глаголы»,active
v0330,general_library,soñar,мечтать,word,,,glagoly,,,soñar,мечтать,Импортировано из блока «Глаголы»,active
v0331,general_library,poder,мочь,word,,,glagoly,,,poder,мочь,Импортировано из блока «Глаголы»,active
v0332,general_library,soler,иметь привычку,word,,,glagoly,,,soler,иметь привычку,Импортировано из блока «Глаголы»,active
v0333,general_library,doler,болеть,word,,,glagoly,,,doler,болеть,Импортировано из блока «Глаголы»,active
v0334,general_library,morder,кусать,word,,,glagoly,,,morder,кусать,Импортировано из блока «Глаголы»,active
v0335,general_library,mover,двигать,word,,,glagoly,,,mover,двигать,Импортировано из блока «Глаголы»,active
v0336,general_library,volver,вернуться,word,,,glagoly,,,volver,вернуться,Импортировано из блока «Глаголы»,active
v0337,general_library,dormir,спать,word,,,glagoly,,,dormir,спать,Импортировано из блока «Глаголы»,active
v0338,general_library,jugar,играть,word,,,glagoly,,,jugar,играть,Импортировано из блока «Глаголы»,active
v0339,general_library,repetir,повторять,word,,,glagoly,,,repetir,повторять,Импортировано из блока «Глаголы»,active
v0340,general_library,sonreir,улыбаться,word,,,glagoly,,,sonreir,улыбаться,Импортировано из блока «Глаголы»,active
v0341,general_library,medir,измерять,word,,,glagoly,,,medir,измерять,Импортировано из блока «Глаголы»,active
v0342,general_library,corregir,исправить,word,,,glagoly,,,corregir,исправить,Импортировано из блока «Глаголы»,active
v0343,general_library,pedir,просить,word,,,glagoly,,,pedir,просить,Импортировано из блока «Глаголы»,active
v0344,general_library,elegir,выбрать,word,,,glagoly,,,elegir,выбрать,Импортировано из блока «Глаголы»,active
v0345,general_library,conseguir,получить,word,,,glagoly,,,conseguir,получить,Импортировано из блока «Глаголы»,active
v0346,general_library,freir,жарить,word,,,glagoly,,,freir,жарить,Импортировано из блока «Глаголы»,active
v0347,general_library,reir,смеяться,word,,,glagoly,,,reir,смеяться,Импортировано из блока «Глаголы»,active
v0348,general_library,servir,подавать,word,,,glagoly,,,servir,подавать,Импортировано из блока «Глаголы»,active
v0349,general_library,suponer,предположить,word,,,glagoly,,,suponer,предположить,Импортировано из блока «Глаголы»,active
v0350,general_library,enfrente de,перед,phrase,,,narechiya_mesta,,,enfrente de,перед,Импортировано из блока «Наречия места»,active
v0351,general_library,detrás de,сзади,phrase,,,narechiya_mesta,,,detrás de,сзади,Импортировано из блока «Наречия места»,active
v0352,general_library,encima de,на,phrase,,,narechiya_mesta,,,encima de,на,Импортировано из блока «Наречия места»,active
v0353,general_library,cerca de,рядом,phrase,,,narechiya_mesta,,,cerca de,рядом,Импортировано из блока «Наречия места»,active
v0354,general_library,sobre,над,word,,,narechiya_mesta,,,sobre,над,Импортировано из блока «Наречия места»,active
v0355,general_library,al lado de,рядом,phrase,,,narechiya_mesta,,,al lado de,рядом,Импортировано из блока «Наречия места»,active
v0356,general_library,a la izquierda de,слева,phrase,,,narechiya_mesta,,,a la izquierda de,слева,Импортировано из блока «Наречия места»,active
v0357,general_library,a la derecha de,справа,phrase,,,narechiya_mesta,,,a la derecha de,справа,Импортировано из блока «Наречия места»,active
v0358,general_library,debajo de,под,phrase,,,narechiya_mesta,,,debajo de,под,Импортировано из блока «Наречия места»,active
v0359,general_library,alrededor de,вокруг,phrase,,,narechiya_mesta,,,alrededor de,вокруг,Импортировано из блока «Наречия места»,active
v0360,general_library,fuera de,снаружи,phrase,,,narechiya_mesta,,,fuera de,снаружи,Импортировано из блока «Наречия места»,active
v0361,general_library,dentro de,внутри,phrase,,,narechiya_mesta,,,dentro de,внутри,Импортировано из блока «Наречия места»,active
v0362,general_library,entre,между,word,,,narechiya_mesta,,,entre,между,Импортировано из блока «Наречия места»,active
v0363,general_library,estar enfermo,болеть,phrase,,,vyrazheniya_estar,,,estar enfermo,болеть,Импортировано из блока «Выражения estar»,active
v0364,general_library,estar resfriado,быть простуженным,phrase,,,vyrazheniya_estar,,,estar resfriado,быть простуженным,Импортировано из блока «Выражения estar»,active
v0365,general_library,estar cansado,чувствовать усталость,phrase,,,vyrazheniya_estar,,,estar cansado,чувствовать усталость,Импортировано из блока «Выражения estar»,active
v0366,general_library,estar agotado,быть истощенным,phrase,,,vyrazheniya_estar,,,estar agotado,быть истощенным,Импортировано из блока «Выражения estar»,active
v0367,general_library,estar contento,быть счастливым,phrase,,,vyrazheniya_estar,,,estar contento,быть счастливым,Импортировано из блока «Выражения estar»,active
v0368,general_library,estar triste,грустить,phrase,,,vyrazheniya_estar,,,estar triste,грустить,Импортировано из блока «Выражения estar»,active
v0369,general_library,estar aburrido,скучать,phrase,,,vyrazheniya_estar,,,estar aburrido,скучать,Импортировано из блока «Выражения estar»,active
v0370,general_library,estar enfadado,злиться,phrase,,,vyrazheniya_estar,,,estar enfadado,злиться,Импортировано из блока «Выражения estar»,active
v0371,general_library,estar de buen humor,быть в хорошем настроении,phrase,,,vyrazheniya_estar,,,estar de buen humor,быть в хорошем настроении,Импортировано из блока «Выражения estar»,active
v0372,general_library,estar de mal humor,быть в плохом настроении,phrase,,,vyrazheniya_estar,,,estar de mal humor,быть в плохом настроении,Импортировано из блока «Выражения estar»,active
v0373,general_library,estar preocupado,быть обеспокоенным,phrase,,,vyrazheniya_estar,,,estar preocupado,быть обеспокоенным,Импортировано из блока «Выражения estar»,active
v0374,general_library,estar nervioso,нервничать,phrase,,,vyrazheniya_estar,,,estar nervioso,нервничать,Импортировано из блока «Выражения estar»,active
v0375,general_library,estar casado,быть женатым,phrase,,,vyrazheniya_estar,,,estar casado,быть женатым,Импортировано из блока «Выражения estar»,active
v0376,general_library,estar divorciado,быть в разводе,phrase,,,vyrazheniya_estar,,,estar divorciado,быть в разводе,Импортировано из блока «Выражения estar»,active
v0377,general_library,estar ocupado,быть занятым чем-то,phrase,,,vyrazheniya_estar,,,estar ocupado,быть занятым чем-то,Импортировано из блока «Выражения estar»,active
v0378,general_library,estar libre,быть свободным,phrase,,,vyrazheniya_estar,,,estar libre,быть свободным,Импортировано из блока «Выражения estar»,active
v0379,general_library,estar seguro,быть уверенным,phrase,,,vyrazheniya_estar,,,estar seguro,быть уверенным,Импортировано из блока «Выражения estar»,active
v0380,general_library,estar sano,быть здоровым,phrase,,,vyrazheniya_estar,,,estar sano,быть здоровым,Импортировано из блока «Выражения estar»,active
v0381,general_library,estar acostumbrado,привыкнуть,phrase,,,vyrazheniya_estar,,,estar acostumbrado,привыкнуть,Импортировано из блока «Выражения estar»,active
v0382,general_library,estar harto,быть по горло сытым,phrase,,,vyrazheniya_estar,,,estar harto,быть по горло сытым,Импортировано из блока «Выражения estar»,active
v0383,general_library,estar de pie,стоять,phrase,,,vyrazheniya_estar,,,estar de pie,стоять,Импортировано из блока «Выражения estar»,active
v0384,general_library,estar sentado,сидеть,phrase,,,vyrazheniya_estar,,,estar sentado,сидеть,Импортировано из блока «Выражения estar»,active
v0385,general_library,estar tumbado,лежать,phrase,,,vyrazheniya_estar,,,estar tumbado,лежать,Импортировано из блока «Выражения estar»,active
v0386,general_library,estar dormido,спать,phrase,,,vyrazheniya_estar,,,estar dormido,спать,Импортировано из блока «Выражения estar»,active
v0387,general_library,estar despierto,бодрствовать,phrase,,,vyrazheniya_estar,,,estar despierto,бодрствовать,Импортировано из блока «Выражения estar»,active
v0388,general_library,estar de acuerdo,быть согласным,phrase,,,vyrazheniya_estar,,,estar de acuerdo,быть согласным,Импортировано из блока «Выражения estar»,active
v0389,general_library,estar abierto,быть открытым,phrase,,,vyrazheniya_estar,,,estar abierto,быть открытым,Импортировано из блока «Выражения estar»,active
v0390,general_library,estar cerrado,быть закрытым,phrase,,,vyrazheniya_estar,,,estar cerrado,быть закрытым,Импортировано из блока «Выражения estar»,active
v0391,general_library,estar deprimido,быть подавленным,phrase,,,vyrazheniya_estar,,,estar deprimido,быть подавленным,Импортировано из блока «Выражения estar»,active
v0392,general_library,estar lleno de,"быть наполненным (например, энергией)",phrase,,,vyrazheniya_estar,,,estar lleno de,"быть наполненным (например, энергией)",Импортировано из блока «Выражения estar»,active
v0393,general_library,actor,актриса,word,,,professii,,,actor,актриса,Импортировано из блока «Профессии»,active
v0394,general_library,administrativo,администратор,word,,,professii,,,administrativo,администратор,Импортировано из блока «Профессии»,active
v0395,general_library,arquitecto,архитектор,word,,,professii,,,arquitecto,архитектор,Импортировано из блока «Профессии»,active
v0396,general_library,bombero,пожарный,word,,,professii,,,bombero,пожарный,Импортировано из блока «Профессии»,active
v0397,general_library,cajero,касса,word,,,professii,,,cajero,касса,Импортировано из блока «Профессии»,active
v0398,general_library,camarero,официант,word,,,professii,,,camarero,официант,Импортировано из блока «Профессии»,active
v0399,general_library,cartero,почтальон,word,,,professii,,,cartero,почтальон,Импортировано из блока «Профессии»,active
v0400,general_library,cientifico,ученый,word,,,professii,,,cientifico,ученый,Импортировано из блока «Профессии»,active
v0401,general_library,cocinero,повар,word,,,professii,,,cocinero,повар,Импортировано из блока «Профессии»,active
v0402,general_library,dentista,стоматолог,word,,,professii,,,dentista,стоматолог,Импортировано из блока «Профессии»,active
v0403,general_library,electricista,электрик,word,,,professii,,,electricista,электрик,Импортировано из блока «Профессии»,active
v0404,general_library,fotografo,фотограф,word,,,professii,,,fotografo,фотограф,Импортировано из блока «Профессии»,active
v0405,general_library,juez,судья,word,,,professii,,,juez,судья,Импортировано из блока «Профессии»,active
v0406,general_library,mecánico,механик,word,,,professii,,,mecánico,механик,Импортировано из блока «Профессии»,active
v0407,general_library,medico,медик,word,,,professii,,,medico,медик,Импортировано из блока «Профессии»,active
v0408,general_library,peluquero,парикмахер,word,,,professii,,,peluquero,парикмахер,Импортировано из блока «Профессии»,active
v0409,general_library,profesor,учитель,word,,,professii,,,profesor,учитель,Импортировано из блока «Профессии»,active
v0410,general_library,periodista,журналист,word,,,professii,,,periodista,журналист,Импортировано из блока «Профессии»,active
v0411,general_library,policia,полицейский,word,,,professii,,,policia,полицейский,Импортировано из блока «Профессии»,active
v0412,general_library,programador,программист,word,,,professii,,,programador,программист,Импортировано из блока «Профессии»,active
v0413,general_library,amor de su vida,любовь всей жизни,phrase,,,vyrazheniya,,,amor de su vida,любовь всей жизни,Импортировано из блока «Выражения»,active
v0414,general_library,qué te parece?,что думаешь?,phrase,,,vyrazheniya,,,qué te parece?,что думаешь?,Импортировано из блока «Выражения»,active
v0415,general_library,de acuerdo,согласен,phrase,,,vyrazheniya,,,de acuerdo,согласен,Импортировано из блока «Выражения»,active
v0416,general_library,hay que,нужно что-то сделать,phrase,,,vyrazheniya,,,hay que,нужно что-то сделать,Импортировано из блока «Выражения»,active
v0417,general_library,tener ganas,хотеть чего-то,phrase,,,vyrazheniya,,,tener ganas,хотеть чего-то,Импортировано из блока «Выражения»,active
v0418,general_library,disfrutar de la vida,наслаждаться жизнью,phrase,,,vyrazheniya,,,disfrutar de la vida,наслаждаться жизнью,Импортировано из блока «Выражения»,active
v0419,general_library,de nada,не за что,phrase,,,vyrazheniya,,,de nada,не за что,Импортировано из блока «Выражения»,active
v0420,general_library,montar a caballo,ехать верхом на лошади,phrase,,,vyrazheniya,,,montar a caballo,ехать верхом на лошади,Импортировано из блока «Выражения»,active
v0421,general_library,no para de,останавливаться,phrase,,,vyrazheniya,,,no para de,останавливаться,Импортировано из блока «Выражения»,active
v0422,general_library,cállate la boca,заткнись!,phrase,,,vyrazheniya,,,cállate la boca,заткнись!,Импортировано из блока «Выражения»,active
v0423,general_library,qué pena,как жаль,phrase,,,vyrazheniya,,,qué pena,как жаль,Импортировано из блока «Выражения»,active
v0424,general_library,lo siento,Я сожалею,phrase,,,vyrazheniya,,,lo siento,Я сожалею,Импортировано из блока «Выражения»,active
v0425,general_library,no puede ser,не может быть!,phrase,,,vyrazheniya,,,no puede ser,не может быть!,Импортировано из блока «Выражения»,active
v0426,general_library,dios mio,боже мой,phrase,,,vyrazheniya,,,dios mio,боже мой,Импортировано из блока «Выражения»,active
v0427,general_library,tomar un taxi,взять такси,phrase,,,vyrazheniya,,,tomar un taxi,взять такси,Импортировано из блока «Выражения»,active
v0428,general_library,qué casualidad!,какая случайность!,phrase,,,vyrazheniya,,,qué casualidad!,какая случайность!,Импортировано из блока «Выражения»,active
v0429,general_library,a decir verdad,честно говоря,phrase,,,vyrazheniya,,,a decir verdad,честно говоря,Импортировано из блока «Выражения»,active
v0430,general_library,encontrarse con,встретиться с кем-то,phrase,,,vyrazheniya,,,encontrarse con,встретиться с кем-то,Импортировано из блока «Выражения»,active
v0431,general_library,Dios mío,боже мой!,phrase,,,vyrazheniya,,,Dios mío,боже мой!,Импортировано из блока «Выражения»,active
v0432,general_library,al mismo tiempo,одновременно,phrase,,,vyrazheniya,,,al mismo tiempo,одновременно,Импортировано из блока «Выражения»,active
v0433,general_library,qué pena!,какая жалость,phrase,,,vyrazheniya,,,qué pena!,какая жалость,Импортировано из блока «Выражения»,active
v0434,general_library,Qué te pasa?,Что с тобой?,phrase,,,vyrazheniya,,,Qué te pasa?,Что с тобой?,Импортировано из блока «Выражения»,active
v0435,general_library,ser aficionado a algo,быть увлеченным чем-то,phrase,,,vyrazheniya,,,ser aficionado a algo,быть увлеченным чем-то,Импортировано из блока «Выражения»,active
v0436,general_library,de vez en cuando,время от времени,phrase,,,vyrazheniya,,,de vez en cuando,время от времени,Импортировано из блока «Выражения»,active
